"case_id","domain","option_name","expected_utility","prospect_score","rank_divergence","review_flag"
574,"Healthcare","Cautious Alternative",11.4490593956394,-30.7813135142188,-90,"review"
244,"Organizational Strategy","Status Quo",-1.25151341484449,101.24858441714,89,"review"
344,"Organizational Strategy","Status Quo",-3.2784158148587,79.5374593575636,86,"review"
243,"Healthcare","Status Quo",3.72584455599318,121.166839291326,84,"review"
361,"Healthcare","Balanced Alternative",8.8155109663583,-53.0526839186978,-80,"review"
605,"Infrastructure","Status Quo",-2.98414596208877,69.5291012868818,78,"review"
31,"Healthcare","Status Quo",12.9810913057501,3.53845134128318,-77,"review"
296,"Organizational Strategy","High-Upside Alternative",-1.64486958727949,65.6250904162841,76,"review"
634,"Healthcare","Balanced Alternative",2.67634050191918,75.0886291735573,76,"review"
680,"Healthcare","Loss-Avoidance Alternative",2.48737091327873,69.75781645384,76,"review"
90,"Public Policy","Balanced Alternative",10.7081582103916,-40.7431977225737,-74,"review"
262,"Healthcare","High-Upside Alternative",10.4318977899599,-24.5012005607384,-74,"review"
327,"Public Policy","Balanced Alternative",2.48345196392644,71.1433864563508,74,"review"
278,"Infrastructure","High-Upside Alternative",14.2928837415898,6.14140977542155,-71,"review"
143,"Organizational Strategy","Balanced Alternative",4.04923396114263,113.409183785333,70,"review"
94,"Financial Risk","Balanced Alternative",8.94717125600592,-54.637378196191,-69,"review"
340,"AI Governance","Cautious Alternative",2.04254031924426,87.1459141608163,69,"review"
482,"Public Policy","Status Quo",-1.15985852067939,52.9828500044236,69,"review"
30,"Public Policy","Loss-Avoidance Alternative",4.83579690808366,82.5629947972595,68,"review"
282,"Healthcare","High-Upside Alternative",13.8162135473915,22.2285880537764,-68,"review"
267,"AI Governance","Cautious Alternative",-6.24807037155575,42.4840276715322,66,"review"
412,"Public Policy","Balanced Alternative",12.668198714306,3.47656348279934,-66,"review"
20,"Financial Risk","Balanced Alternative",12.5779029219397,-2.950401327411,-65,"review"
29,"Healthcare","Cautious Alternative",6.11210860088392,-114.441712857546,-64,"review"
126,"Public Policy","Balanced Alternative",14.2646971173029,18.5310194465243,-64,"review"
254,"Public Policy","Loss-Avoidance Alternative",3.62221006721216,67.1529136263634,64,"review"
306,"Infrastructure","Status Quo",13.398239871658,12.3546590920281,-64,"review"
168,"Public Policy","Status Quo",7.88351645635228,-65.6731526451571,-63,"review"
190,"Public Policy","Loss-Avoidance Alternative",-3.8611731580687,35.2609135250356,63,"review"
396,"Financial Risk","High-Upside Alternative",10.1327111933201,-24.9951079973275,-63,"review"
223,"Healthcare","High-Upside Alternative",8.09616166476595,-36.6477720289437,-62,"review"
364,"Organizational Strategy","Loss-Avoidance Alternative",11.8913291082405,-5.67074539463637,-62,"review"
374,"Organizational Strategy","Balanced Alternative",11.849527434513,-6.34572216831311,-62,"review"
367,"AI Governance","High-Upside Alternative",-4.10864981312319,42.6129042233007,61,"review"
476,"AI Governance","Cautious Alternative",8.27354216890247,-54.2734211945849,-61,"review"
414,"Healthcare","Cautious Alternative",9.17328464629464,-20.3531705893101,-60,"review"
422,"Financial Risk","Cautious Alternative",16.2407363116329,15.2122362197416,-60,"review"
424,"AI Governance","Cautious Alternative",-1.01528948985389,52.2143198542159,60,"review"
512,"AI Governance","Cautious Alternative",1.92627577345332,66.0517158399908,60,"review"
545,"AI Governance","Status Quo",4.20937182993518,89.0728256362764,60,"review"
23,"AI Governance","Balanced Alternative",4.11984833312989,77.1403173394067,59,"review"
200,"Public Policy","Cautious Alternative",5.47666601879235,80.7376848614403,59,"review"
368,"Infrastructure","Balanced Alternative",6.87847884736376,128.787010277714,59,"review"
459,"Organizational Strategy","Balanced Alternative",2.7566587443692,62.0580705846233,59,"review"
219,"Financial Risk","Status Quo",3.26560355487453,93.1754814828383,58,"review"
391,"Organizational Strategy","Cautious Alternative",10.5881798086352,-9.62920665582508,-58,"review"
505,"Financial Risk","High-Upside Alternative",-3.88336510098899,42.5296488958672,58,"review"
524,"Healthcare","Status Quo",6.90192580456541,-55.6698678737312,-58,"review"
543,"Financial Risk","Balanced Alternative",11.5151593522107,-0.222542342061317,-58,"review"
601,"Organizational Strategy","Loss-Avoidance Alternative",13.6664982508607,18.6214232800783,-58,"review"
66,"AI Governance","Cautious Alternative",14.4294743296128,22.7347238745244,-57,"review"
498,"Financial Risk","High-Upside Alternative",7.49234700709568,-57.0557125062219,-57,"review"
662,"Financial Risk","Balanced Alternative",4.15103128535722,102.189339914747,57,"review"
701,"Financial Risk","Status Quo",7.5526283701992,-56.531861698246,-57,"review"
76,"AI Governance","Status Quo",6.15971912025884,119.676869524236,56,"review"
160,"AI Governance","Balanced Alternative",9.54084590712248,-17.7165798113188,-56,"review"
186,"AI Governance","Status Quo",10.1452267889657,-15.2279323963686,-56,"review"
400,"Organizational Strategy","Balanced Alternative",8.6206229907087,-46.2005199270024,-56,"review"
707,"Healthcare","Status Quo",2.82951282574451,52.3439903464654,56,"review"
15,"Healthcare","Status Quo",9.95248495928988,-4.57371228474742,-55,"review"
48,"AI Governance","Loss-Avoidance Alternative",8.55169020771258,-31.9066530718199,-55,"review"
99,"Organizational Strategy","Balanced Alternative",9.00593106605763,-39.5161663786653,-55,"review"
73,"Financial Risk","Balanced Alternative",2.52786844938907,65.9524719449528,54,"review"
341,"Healthcare","Status Quo",-3.38120299797784,22.0306835855878,54,"review"
668,"Public Policy","Cautious Alternative",8.9873164509214,-14.0784900658137,-54,"review"
22,"AI Governance","Status Quo",10.9293884273348,-0.333081895120689,-53,"review"
159,"Financial Risk","Cautious Alternative",11.7701184192058,15.1346330427077,-53,"review"
237,"Public Policy","Cautious Alternative",0.0290768140094082,41.6023600043984,53,"review"
272,"Organizational Strategy","Cautious Alternative",10.7056882829829,8.70598717938663,-53,"review"
356,"Financial Risk","Status Quo",9.55639525803581,-14.9779486248013,-53,"review"
514,"Financial Risk","High-Upside Alternative",11.5030070241791,10.0848403112251,-53,"review"
547,"AI Governance","Loss-Avoidance Alternative",5.19759686200823,89.7918209992285,53,"review"
580,"Healthcare","Balanced Alternative",7.53140913925253,125.355320764494,53,"review"
11,"Public Policy","High-Upside Alternative",1.97867046208877,45.6494436053312,52,"review"
215,"AI Governance","High-Upside Alternative",9.96048841231319,-2.03547476054844,-52,"review"
318,"Financial Risk","Status Quo",10.6603184241333,0.247868802628354,-52,"review"
704,"Financial Risk","Status Quo",10.1664603569935,-2.83072640742622,-52,"review"
65,"Infrastructure","Status Quo",-6.80515556134251,30.8523632363751,51,"review"
131,"Organizational Strategy","Cautious Alternative",10.1641785934628,1.24659759696716,-51,"review"
343,"Healthcare","Cautious Alternative",7.38502469882825,107.357337816506,51,"review"
373,"Financial Risk","Cautious Alternative",6.93696795048844,143.563614303963,51,"review"
397,"Organizational Strategy","Cautious Alternative",9.52091266097091,-11.7959197150243,-51,"review"
398,"Infrastructure","Status Quo",11.3642062214254,21.5274624555004,-51,"review"
399,"Public Policy","Cautious Alternative",6.13014167546837,72.9367932143172,51,"review"
712,"Financial Risk","Loss-Avoidance Alternative",11.326163957161,12.5263911707672,-51,"review"
61,"Healthcare","Status Quo",9.17074391017304,-6.2613944437142,-50,"review"
71,"Infrastructure","High-Upside Alternative",-1.44718513157015,36.4262449577137,50,"review"
105,"Public Policy","Status Quo",-6.06293938757094,23.0075670608487,50,"review"
118,"Healthcare","Cautious Alternative",4.9702000548021,-76.6340059514145,-50,"review"
179,"Infrastructure","Status Quo",8.50369621504341,-35.0962962729484,-50,"review"
316,"Financial Risk","Loss-Avoidance Alternative",-1.99614166890703,41.5501975363782,50,"review"
604,"Public Policy","Status Quo",6.63885319360343,81.0077862569021,50,"review"
691,"Healthcare","Balanced Alternative",-0.409129414550641,27.3424744202098,50,"review"
9,"Public Policy","Status Quo",7.89056269861353,-34.7573908774097,-49,"review"
139,"Healthcare","Cautious Alternative",4.04581793575952,57.8333903250618,49,"review"
438,"Financial Risk","Cautious Alternative",-6.43446377533746,20.2216559092373,49,"review"
469,"Financial Risk","Status Quo",6.59142798412517,102.195518697504,49,"review"
68,"Public Policy","Status Quo",9.7002154616403,12.1631420344558,-48,"review"
157,"Public Policy","Status Quo",4.16001818922892,54.5033115802983,48,"review"
217,"Public Policy","High-Upside Alternative",7.68410429640961,-38.004158719899,-48,"review"
221,"AI Governance","Balanced Alternative",13.4557747041252,29.0704440486902,-48,"review"
245,"Organizational Strategy","Cautious Alternative",6.60611840432208,90.8531116489407,48,"review"
315,"Healthcare","High-Upside Alternative",-3.92674728123016,11.1573572985372,48,"review"
382,"Financial Risk","High-Upside Alternative",7.06175968838701,-56.0173755281402,-48,"review"
390,"Public Policy","Cautious Alternative",5.50008744081871,63.8746539831438,48,"review"
419,"Financial Risk","Status Quo",12.611519897744,27.5207417782548,-48,"review"
555,"Financial Risk","Balanced Alternative",4.68453611071306,78.6245966296553,48,"review"
336,"Organizational Strategy","Balanced Alternative",13.7703348595017,30.3798557410291,-47,"review"
456,"Healthcare","Status Quo",5.99143919532474,-52.7748524628755,-47,"review"
597,"AI Governance","Status Quo",3.12074022424695,56.8473231581016,47,"review"
612,"Healthcare","High-Upside Alternative",3.13448412139997,45.1932702118539,47,"review"
119,"Financial Risk","Loss-Avoidance Alternative",1.27800903647787,44.6613002601793,46,"review"
353,"Public Policy","High-Upside Alternative",12.8808559785536,30.9927694772801,-46,"review"
486,"Infrastructure","Loss-Avoidance Alternative",7.04883487333684,82.032195393019,46,"review"
522,"Organizational Strategy","Status Quo",5.8122762784721,-123.64464904396,-46,"review"
666,"Healthcare","Status Quo",9.48277462093131,3.94848064662072,-46,"review"
1,"Public Policy","Balanced Alternative",5.7402923066397,64.4950416198934,45,"review"
242,"Organizational Strategy","Cautious Alternative",7.8561984197554,-43.0202804258784,-45,"review"
347,"Infrastructure","High-Upside Alternative",-2.11058386036936,32.3543716961732,45,"review"
355,"Healthcare","Loss-Avoidance Alternative",7.08284288233729,82.4504231617469,45,"review"
381,"Financial Risk","Balanced Alternative",-5.83111021354747,19.5725343165454,45,"review"
146,"Infrastructure","Cautious Alternative",7.51443989475933,-62.9218926067881,-44,"review"
176,"Financial Risk","Status Quo",5.74640252384367,87.044503358606,44,"review"
264,"Healthcare","Loss-Avoidance Alternative",4.05974010662607,-65.2601734922527,-43,"review"
281,"Public Policy","Balanced Alternative",3.3030675771454,44.5287154223244,43,"review"
308,"Financial Risk","Balanced Alternative",7.21932391486659,-33.8028880650806,-43,"review"
385,"Healthcare","Balanced Alternative",-7.12972630679965,-18.0470594128133,43,"review"
45,"Healthcare","Status Quo",11.5956399478734,35.2876204945316,-42,"review"
49,"Healthcare","Balanced Alternative",5.66158588270722,-51.1570684453158,-42,"review"
58,"Healthcare","Cautious Alternative",4.18601544210484,-58.6998404223513,-42,"review"
106,"AI Governance","Loss-Avoidance Alternative",7.47650129900417,-35.13521939139,-42,"review"
136,"Organizational Strategy","Loss-Avoidance Alternative",7.37810880813001,98.4460857510251,42,"review"
156,"Healthcare","High-Upside Alternative",8.27685363166086,129.693108250148,42,"review"
358,"Healthcare","Status Quo",13.5876790669786,51.7080312306943,-42,"review"
363,"Financial Risk","Balanced Alternative",-8.81490511150697,-0.0820074928993364,42,"review"
478,"Healthcare","Cautious Alternative",8.78938290375331,141.588845305995,42,"review"
513,"AI Governance","Loss-Avoidance Alternative",14.0852931787123,36.4290680278406,-42,"review"
551,"Healthcare","Cautious Alternative",2.96040188275075,36.1542163996359,42,"review"
714,"Infrastructure","High-Upside Alternative",9.34413465064426,-9.65800462714626,-42,"review"
310,"Public Policy","Loss-Avoidance Alternative",5.64203355126703,-71.2549918941718,-41,"acceptable"
409,"AI Governance","Balanced Alternative",8.35257680123238,-1.47183010711931,-41,"review"
415,"Public Policy","Loss-Avoidance Alternative",6.24004336882064,-61.5467940136837,-41,"review"
592,"Healthcare","Balanced Alternative",2.40768305229617,32.9009253068314,41,"acceptable"
598,"AI Governance","High-Upside Alternative",6.03169839595017,66.3789742611202,41,"review"
718,"Healthcare","Status Quo",-7.83096021224422,-23.3180534323069,41,"acceptable"
290,"Healthcare","Balanced Alternative",9.26518673134849,15.7852201503765,-40,"review"
342,"AI Governance","Cautious Alternative",4.79834153751364,58.995954634132,40,"acceptable"
416,"Infrastructure","Loss-Avoidance Alternative",8.30114887672301,-21.4229543157976,-40,"acceptable"
417,"Organizational Strategy","Loss-Avoidance Alternative",8.61456301342826,-20.2850150880557,-40,"acceptable"
448,"Organizational Strategy","High-Upside Alternative",6.55693343800745,70.973730567807,40,"review"
558,"Financial Risk","Cautious Alternative",12.674321890525,39.4019734146701,-40,"review"
651,"Healthcare","Status Quo",2.88821373750344,35.0919717946877,40,"acceptable"
2,"AI Governance","Status Quo",6.23054956294823,66.8591949418381,39,"review"
228,"Healthcare","Loss-Avoidance Alternative",1.99203799653248,23.1557667214527,39,"acceptable"
325,"Financial Risk","High-Upside Alternative",2.16533446477537,44.2345221897808,39,"acceptable"
585,"AI Governance","Status Quo",6.869659568873,-56.8840760801529,-39,"acceptable"
667,"Infrastructure","Status Quo",7.79962487096076,-31.8563457812066,-39,"review"
43,"Infrastructure","Balanced Alternative",11.3089120792641,32.4390656504612,-38,"review"
100,"Infrastructure","Balanced Alternative",7.82765193248304,-28.7837314405029,-38,"acceptable"
305,"Organizational Strategy","Cautious Alternative",3.21296709806957,42.843349911638,38,"review"
418,"Public Policy","Cautious Alternative",12.1886253228382,33.9051797663728,-38,"review"
5,"Healthcare","Status Quo",-0.819764781902918,11.3990070213669,37,"acceptable"
102,"Public Policy","Balanced Alternative",10.1709889752794,27.886884483917,-37,"review"
115,"Organizational Strategy","Loss-Avoidance Alternative",4.24002433075459,49.1883967564134,37,"acceptable"
177,"Organizational Strategy","Status Quo",8.53763385213196,-18.1972290666417,-37,"review"
206,"AI Governance","High-Upside Alternative",11.2123591829259,30.2943338273473,-37,"review"
234,"Infrastructure","Status Quo",4.96736101224539,-99.3945940553395,-37,"review"
499,"AI Governance","Balanced Alternative",4.46366764490363,54.7186089940242,37,"review"
523,"Healthcare","Loss-Avoidance Alternative",5.56621881296187,-49.2397508070401,-37,"acceptable"
525,"Public Policy","Cautious Alternative",7.34265708239998,-11.96257282742,-37,"review"
8,"Healthcare","Status Quo",3.83237759968932,-57.4978495189078,-36,"acceptable"
69,"AI Governance","Status Quo",0.364181818134606,32.6948687751342,36,"review"
148,"Healthcare","Loss-Avoidance Alternative",3.20350244298791,-91.0066800395838,-36,"acceptable"
197,"Financial Risk","High-Upside Alternative",4.77470379045408,60.3465879278421,36,"review"
379,"AI Governance","Cautious Alternative",7.07011690297518,-47.076920804031,-36,"acceptable"
426,"AI Governance","Loss-Avoidance Alternative",8.65869328388925,20.9883230233978,-36,"acceptable"
626,"Healthcare","Loss-Avoidance Alternative",8.27318627614661,95.4075378757446,36,"acceptable"
12,"AI Governance","Status Quo",7.46217835617297,91.4939640434059,35,"review"
98,"Financial Risk","High-Upside Alternative",7.32883408310159,100.949149493076,35,"acceptable"
194,"Infrastructure","Status Quo",3.5040949840981,-117.447311638272,-35,"review"
271,"AI Governance","High-Upside Alternative",-9.34198632044892,-31.1907502639075,35,"review"
299,"Infrastructure","Balanced Alternative",5.7761748010458,60.1324894771353,35,"acceptable"
383,"Healthcare","Cautious Alternative",-4.98209927935833,-17.3486242496113,35,"acceptable"
427,"Financial Risk","High-Upside Alternative",1.10730989773288,35.7296068621466,35,"acceptable"
570,"Financial Risk","Cautious Alternative",-6.94323016008858,-6.82577217386873,35,"review"
595,"Financial Risk","High-Upside Alternative",1.26050981071123,36.397284296589,35,"acceptable"
152,"Healthcare","Cautious Alternative",1.78674290193911,-213.655636844525,-34,"review"
641,"Healthcare","Loss-Avoidance Alternative",4.94451007934135,-49.603506484036,-34,"review"
698,"Healthcare","Loss-Avoidance Alternative",5.0875959706823,-39.0858935397856,-34,"review"
224,"Public Policy","Cautious Alternative",7.89804969870483,86.0144432489196,33,"acceptable"
287,"Infrastructure","Loss-Avoidance Alternative",5.01364652148786,54.3141350947738,33,"acceptable"
566,"Infrastructure","High-Upside Alternative",11.9937192710144,38.8425676256123,-33,"review"
13,"Organizational Strategy","High-Upside Alternative",2.87382493680058,-179.069072195035,-32,"review"
103,"Infrastructure","Cautious Alternative",-9.49024499691442,-15.4247281498616,32,"acceptable"
138,"Healthcare","Status Quo",1.806943675521,17.0250776949156,32,"review"
199,"Public Policy","Loss-Avoidance Alternative",14.2123429590928,46.4684137526489,-32,"review"
210,"Public Policy","Balanced Alternative",7.24349730177872,-9.70686592742643,-32,"review"
484,"Organizational Strategy","High-Upside Alternative",-4.29677278658261,-9.06192176261491,32,"acceptable"
532,"Public Policy","Balanced Alternative",6.60954558895124,55.2672265845952,32,"review"
657,"Financial Risk","Status Quo",7.84451832508372,110.380890592071,32,"acceptable"
125,"AI Governance","Cautious Alternative",4.53843976485525,-67.4766443352549,-31,"review"
189,"Healthcare","Balanced Alternative",-3.3572486637917,-7.17602100948224,31,"acceptable"
191,"Financial Risk","High-Upside Alternative",2.08139790675814,-76.7163833951117,-31,"acceptable"
205,"Public Policy","Loss-Avoidance Alternative",12.2635361521464,40.0105100145258,-31,"review"
360,"Infrastructure","Loss-Avoidance Alternative",3.01964489455129,-101.342346795998,-31,"acceptable"
431,"Infrastructure","Loss-Avoidance Alternative",7.99533254116957,80.27616440106,31,"review"
517,"Organizational Strategy","High-Upside Alternative",-8.20372868867256,-23.2642615846844,31,"review"
520,"AI Governance","Status Quo",14.5579701437448,53.3994337206073,-31,"acceptable"
521,"Organizational Strategy","Status Quo",1.85830608058203,27.8829591872918,31,"review"
616,"Infrastructure","High-Upside Alternative",2.08693536411386,35.55670459848,31,"acceptable"
663,"Financial Risk","High-Upside Alternative",7.15254754412938,72.3131474134667,31,"acceptable"
679,"AI Governance","High-Upside Alternative",10.1792224039907,34.1941329016876,-31,"acceptable"
689,"Financial Risk","Cautious Alternative",6.61263866000523,60.8906370569025,31,"acceptable"
26,"Healthcare","Balanced Alternative",-1.96131467547798,-6.34489652159794,30,"acceptable"
81,"Organizational Strategy","High-Upside Alternative",8.19132757969125,85.6131604202099,30,"acceptable"
303,"Healthcare","Status Quo",-0.160068936291724,-192.360389249258,-30,"review"
561,"Organizational Strategy","High-Upside Alternative",-5.85887051083233,-19.9478777705012,30,"acceptable"
659,"Organizational Strategy","Balanced Alternative",6.84075210410228,-39.3763948963994,-30,"acceptable"
114,"AI Governance","Status Quo",12.2829218540874,49.1574953522575,-29,"acceptable"
226,"Public Policy","High-Upside Alternative",8.54439915491859,22.2679914685463,-29,"review"
230,"Infrastructure","Loss-Avoidance Alternative",9.49626215553615,128.168126459759,29,"acceptable"
302,"Public Policy","Status Quo",6.82685963461795,-12.655926472089,-29,"review"
349,"Public Policy","Status Quo",5.24959376955529,40.0106415158541,29,"review"
405,"Organizational Strategy","Cautious Alternative",10.2572765893523,39.6069791392288,-29,"acceptable"
451,"Infrastructure","Loss-Avoidance Alternative",14.7898057005836,60.9318633429265,-29,"review"
581,"Financial Risk","Balanced Alternative",6.94286809197985,61.1233766408241,29,"review"
664,"Infrastructure","Status Quo",9.89439318878718,29.3824745891626,-29,"review"
715,"Healthcare","High-Upside Alternative",-0.214819498270057,0.555321006914049,29,"acceptable"
25,"Infrastructure","Status Quo",8.46661241249858,82.7505288992422,28,"acceptable"
128,"Public Policy","Balanced Alternative",7.10801353748799,56.7736712634448,28,"acceptable"
289,"Infrastructure","Loss-Avoidance Alternative",2.23412827314614,34.7627892806835,28,"acceptable"
432,"Healthcare","Status Quo",-0.348021330999111,-0.605388865834804,28,"acceptable"
496,"AI Governance","Balanced Alternative",7.35097922788505,66.7186119967955,28,"acceptable"
637,"Financial Risk","Loss-Avoidance Alternative",5.16332002912721,48.5603967966864,28,"acceptable"
665,"Public Policy","Loss-Avoidance Alternative",-4.73715183914019,-8.39982509909035,28,"acceptable"
687,"Infrastructure","Balanced Alternative",3.65686063449462,38.4731837995724,28,"acceptable"
710,"Infrastructure","Loss-Avoidance Alternative",6.14655847918902,49.8961847168455,28,"review"
110,"Healthcare","Cautious Alternative",3.36970311954934,27.0787676412912,27,"review"
141,"Organizational Strategy","Balanced Alternative",6.48381511379057,51.2184709427269,27,"acceptable"
263,"Healthcare","Cautious Alternative",3.44057936434401,-51.7434086741462,-27,"acceptable"
321,"Organizational Strategy","Loss-Avoidance Alternative",3.40580961446537,32.1325442480141,27,"acceptable"
351,"Infrastructure","Status Quo",8.21098842061217,77.1837195049924,27,"review"
371,"Public Policy","Cautious Alternative",-3.70687056495368,-7.14521926800504,27,"acceptable"
401,"Healthcare","High-Upside Alternative",-4.46163187618972,-25.1222044613542,27,"review"
423,"Financial Risk","High-Upside Alternative",5.52980906874133,-25.8984473117953,-27,"review"
563,"Infrastructure","Balanced Alternative",1.58557438766191,25.2751788277545,27,"acceptable"
639,"Infrastructure","Status Quo",9.11209205694471,95.962497940474,27,"review"
713,"AI Governance","Cautious Alternative",7.72056182886192,15.0817283514549,-27,"review"
35,"Healthcare","High-Upside Alternative",12.8616342688964,67.409917792929,-26,"review"
46,"Financial Risk","Loss-Avoidance Alternative",1.60149589256665,-67.6106734376545,-26,"review"
78,"Organizational Strategy","High-Upside Alternative",4.53538191636975,-63.315961978569,-26,"review"
211,"Infrastructure","Cautious Alternative",5.31086152583658,42.3336070275855,26,"review"
269,"Financial Risk","Status Quo",8.69560463256919,129.819683469523,26,"review"
283,"Financial Risk","Loss-Avoidance Alternative",-5.97611077631022,-18.4812266626727,26,"review"
309,"Healthcare","Balanced Alternative",7.83415992541001,69.6572971073784,26,"acceptable"
328,"Financial Risk","Status Quo",7.98559539872304,99.0365022499124,26,"acceptable"
365,"Financial Risk","High-Upside Alternative",3.36005009207158,-50.2228374516983,-26,"review"
394,"Financial Risk","Loss-Avoidance Alternative",1.88183934300162,-65.8991409846251,-26,"review"
546,"Public Policy","Loss-Avoidance Alternative",8.50165979639775,25.3454432360512,-26,"acceptable"
549,"Organizational Strategy","High-Upside Alternative",8.76363317950648,90.8760046953876,26,"review"
609,"Public Policy","Balanced Alternative",10.3856305364176,34.5780874436222,-26,"acceptable"
624,"AI Governance","Loss-Avoidance Alternative",0.724094090236157,-117.169983472723,-26,"acceptable"
27,"Infrastructure","Cautious Alternative",9.56894199820647,107.090120226251,25,"acceptable"
56,"Organizational Strategy","High-Upside Alternative",2.99417911837716,-89.7656070966201,-25,"acceptable"
95,"AI Governance","High-Upside Alternative",1.42334030998433,25.4402427930371,25,"acceptable"
204,"Infrastructure","High-Upside Alternative",10.7010180609797,38.2225129683205,-25,"acceptable"
207,"Infrastructure","Loss-Avoidance Alternative",14.9958928543477,67.858180516269,-25,"review"
208,"Public Policy","Status Quo",-2.9735256139392,-7.12262219386229,25,"acceptable"
227,"Financial Risk","Balanced Alternative",-9.77153364377501,-26.6743992408499,25,"acceptable"
286,"Financial Risk","Balanced Alternative",6.21562117249278,-21.2545008990349,-25,"review"
334,"AI Governance","Cautious Alternative",8.09063169346853,24.130951736549,-25,"acceptable"
548,"AI Governance","High-Upside Alternative",1.22641307775043,-99.3219488649914,-25,"acceptable"
583,"Healthcare","Status Quo",1.0977724869529,-0.34131278335294,25,"acceptable"
610,"Healthcare","Cautious Alternative",-7.45865471700517,-49.958759464278,25,"acceptable"
638,"Organizational Strategy","Status Quo",14.2638445098479,59.2182903816328,-25,"review"
142,"Organizational Strategy","Status Quo",2.64697379837015,20.3941645193419,24,"acceptable"
249,"AI Governance","Loss-Avoidance Alternative",2.28230131692889,-83.5398330198961,-24,"review"
369,"Healthcare","Cautious Alternative",6.25727455452814,-16.2764934491277,-24,"acceptable"
384,"Healthcare","Cautious Alternative",14.3748145401913,77.4992929607823,-24,"acceptable"
404,"Healthcare","Balanced Alternative",-1.58530655579921,-14.7280788271037,24,"review"
452,"Financial Risk","Status Quo",7.93709533337927,88.8496787445857,24,"review"
462,"Healthcare","Cautious Alternative",7.01273449389771,54.5967928752233,24,"review"
588,"Infrastructure","Balanced Alternative",12.8825660436097,56.2927576883948,-24,"review"
184,"Organizational Strategy","Balanced Alternative",8.1598268981961,69.433677909676,23,"acceptable"
232,"AI Governance","Loss-Avoidance Alternative",16.5266979661554,63.0226202392185,-23,"review"
307,"AI Governance","Status Quo",-1.35758719573264,-4.97025027153873,23,"acceptable"
370,"Healthcare","Cautious Alternative",10.3047037819727,40.0907477509579,-23,"acceptable"
442,"Healthcare","Status Quo",-5.78201141044367,-34.2440031561258,23,"acceptable"
527,"Infrastructure","Status Quo",11.5709171734003,49.136547582083,-23,"review"
557,"Healthcare","High-Upside Alternative",12.4484659893124,58.739711748264,-23,"review"
567,"Financial Risk","Balanced Alternative",3.8128587158888,40.8825090186623,23,"review"
571,"Public Policy","Balanced Alternative",8.14434444711411,70.1068253036517,23,"acceptable"
80,"Infrastructure","Status Quo",8.4176693439247,22.8984682261262,-22,"review"
88,"AI Governance","High-Upside Alternative",8.44894364211113,33.7229888610383,-22,"review"
449,"AI Governance","Loss-Avoidance Alternative",0.343028326493168,-108.671100169412,-22,"review"
565,"Healthcare","Balanced Alternative",9.950544231731,38.2890062076005,-22,"review"
591,"Healthcare","Balanced Alternative",10.9021131207906,132.26894514613,22,"review"
594,"AI Governance","Status Quo",0.275579013214553,11.6336334304841,22,"acceptable"
606,"Healthcare","Cautious Alternative",-4.06027189230966,-29.6040933734085,22,"review"
633,"Healthcare","Status Quo",1.74907920307783,-88.9308443235494,-22,"acceptable"
686,"Healthcare","Balanced Alternative",6.09444279913656,42.227987256218,22,"acceptable"
697,"Infrastructure","Balanced Alternative",9.0130562451678,28.0172725635527,-22,"review"
16,"Healthcare","Balanced Alternative",5.9136793925168,39.5196855871046,21,"acceptable"
19,"Public Policy","Cautious Alternative",5.63959866992408,36.7565241874384,21,"acceptable"
53,"Healthcare","High-Upside Alternative",12.6270765765596,68.6116484619064,-21,"acceptable"
149,"Infrastructure","Loss-Avoidance Alternative",13.8150091270231,67.0691434915592,-21,"review"
170,"Organizational Strategy","Cautious Alternative",15.6743814972,63.4972913452972,-21,"review"
196,"Infrastructure","Balanced Alternative",10.274947859709,125.123128805915,21,"review"
292,"Public Policy","Status Quo",14.4816330718917,59.1234685482493,-21,"review"
314,"Financial Risk","Status Quo",-2.7539480242168,-7.1065889889417,21,"acceptable"
333,"Infrastructure","Cautious Alternative",-3.94717692292307,-17.9287185924493,21,"acceptable"
357,"Infrastructure","High-Upside Alternative",10.7853922352977,196.591715639081,21,"review"
435,"Public Policy","High-Upside Alternative",8.49738793676331,29.4130308096832,-21,"acceptable"
531,"AI Governance","Cautious Alternative",7.43715323622478,60.8449423206789,21,"acceptable"
534,"AI Governance","Cautious Alternative",7.12905986953076,56.51009986181,21,"acceptable"
636,"Public Policy","Balanced Alternative",-6.58483459439087,-49.0533319104364,21,"acceptable"
688,"Public Policy","Cautious Alternative",5.13552940729127,33.5444903721519,21,"review"
693,"Financial Risk","High-Upside Alternative",9.05629795654154,120.292953684898,21,"acceptable"
50,"Healthcare","Cautious Alternative",13.6558757795876,80.2921577928717,-20,"review"
123,"Financial Risk","Cautious Alternative",7.99780170510803,27.0789745074809,-20,"review"
164,"Infrastructure","Balanced Alternative",1.15249413054175,11.4891947361833,20,"acceptable"
236,"Organizational Strategy","High-Upside Alternative",1.27254096137766,-90.31464763965,-20,"review"
241,"Public Policy","Balanced Alternative",2.21278351441416,-93.0715324659448,-20,"review"
259,"Financial Risk","Status Quo",3.98091617163441,38.0026572215005,20,"acceptable"
280,"Healthcare","Status Quo",6.89247836475245,51.3140151432289,20,"acceptable"
420,"Public Policy","Cautious Alternative",1.96547931660752,-100.622430028507,-20,"acceptable"
502,"Organizational Strategy","High-Upside Alternative",8.90226319229491,29.5727828737187,-20,"review"
640,"Financial Risk","Balanced Alternative",7.79085602712283,67.4627915866195,20,"review"
682,"AI Governance","Loss-Avoidance Alternative",9.00130363692724,118.806417082505,20,"review"
703,"Organizational Strategy","Balanced Alternative",2.81045451925429,-76.8599818437293,-20,"acceptable"
147,"Healthcare","Balanced Alternative",11.3249661794894,134.154923378758,19,"review"
182,"AI Governance","High-Upside Alternative",3.22150121046027,-57.3993644281131,-19,"review"
222,"Organizational Strategy","Balanced Alternative",3.7678341405743,-55.7290765480788,-19,"review"
480,"Financial Risk","Loss-Avoidance Alternative",0.945256224721438,6.65857223620312,19,"acceptable"
538,"AI Governance","Loss-Avoidance Alternative",7.54356159081066,65.1503454283496,19,"review"
564,"Financial Risk","Cautious Alternative",-0.380931327863344,-102.822707003886,-19,"review"
593,"Public Policy","Status Quo",8.77740882664954,70.2050411390928,19,"acceptable"
607,"Financial Risk","Balanced Alternative",2.36586827230042,25.664114522579,19,"review"
611,"AI Governance","Balanced Alternative",8.19286121083247,72.6002926017114,19,"acceptable"
654,"Public Policy","Balanced Alternative",-0.00922162384044078,4.30144250818463,19,"acceptable"
658,"Public Policy","Loss-Avoidance Alternative",11.1007065019179,48.092321702447,-19,"acceptable"
28,"Financial Risk","Status Quo",10.4296130810726,45.0881667158719,-18,"acceptable"
57,"AI Governance","Balanced Alternative",-9.12453968521526,-63.7354025998805,18,"acceptable"
62,"AI Governance","Cautious Alternative",1.09283514425426,-71.9756735674709,-18,"acceptable"
67,"Healthcare","Loss-Avoidance Alternative",3.86670687911269,-27.4163580823783,-18,"acceptable"
132,"Financial Risk","High-Upside Alternative",14.902085384285,63.3190895508242,-18,"acceptable"
163,"Healthcare","Status Quo",-2.81953406603742,-186.963797640569,-18,"review"
188,"Infrastructure","Loss-Avoidance Alternative",4.09578317107277,33.9271884031748,18,"acceptable"
238,"AI Governance","Status Quo",2.7406622398981,23.3722114056633,18,"acceptable"
240,"Financial Risk","High-Upside Alternative",-1.24808276344318,-5.97490138151807,18,"acceptable"
284,"Public Policy","Balanced Alternative",6.90010305613778,48.9240573756904,18,"review"
467,"Organizational Strategy","Loss-Avoidance Alternative",-1.07711540567915,-12.3060734121344,18,"acceptable"
509,"Financial Risk","Cautious Alternative",2.77144776722145,-38.4563139386577,-18,"acceptable"
38,"Organizational Strategy","Loss-Avoidance Alternative",6.77968040943534,45.2655065985017,17,"review"
174,"Public Policy","Cautious Alternative",10.6707047505404,121.119057930632,17,"acceptable"
181,"Public Policy","High-Upside Alternative",7.29854359402852,20.1536192318342,-17,"review"
213,"Financial Risk","Cautious Alternative",-2.3705748202524,-150.507366409109,-17,"review"
293,"Organizational Strategy","Balanced Alternative",-9.8460872458701,-58.2258345274468,17,"acceptable"
324,"Infrastructure","Status Quo",7.08197516182185,-6.9386712449962,-17,"acceptable"
392,"Infrastructure","Cautious Alternative",8.36779860508215,26.4198244777109,-17,"review"
395,"Infrastructure","Cautious Alternative",10.5623611104416,104.568314067087,17,"review"
454,"Healthcare","Cautious Alternative",-1.14552240776463,-22.5679304565547,17,"acceptable"
501,"Healthcare","Loss-Avoidance Alternative",-0.21262826797752,-65.6424874901017,-17,"review"
507,"Financial Risk","High-Upside Alternative",11.7152441497175,58.1654423371074,-17,"review"
544,"AI Governance","Balanced Alternative",5.11139304640656,-30.133833065052,-17,"review"
600,"AI Governance","Cautious Alternative",7.45489743331894,57.0598884645401,17,"acceptable"
627,"Organizational Strategy","Status Quo",7.03265435062501,45.6921033880183,17,"acceptable"
4,"Public Policy","Balanced Alternative",11.3720726543631,54.177810850302,-16,"review"
6,"Infrastructure","High-Upside Alternative",11.2202082501628,55.7484715772882,-16,"review"
145,"Infrastructure","Status Quo",9.96598637514104,86.9769078908458,16,"review"
239,"Organizational Strategy","High-Upside Alternative",0.955857744566712,-77.9986944350563,-16,"review"
273,"Infrastructure","Loss-Avoidance Alternative",1.20288324090287,-6.81319767908998,16,"review"
311,"Public Policy","Cautious Alternative",8.6711239739981,34.287646957536,-16,"review"
460,"Public Policy","Balanced Alternative",14.1622262848061,59.6529226118637,-16,"acceptable"
463,"Organizational Strategy","High-Upside Alternative",5.25360181837357,-25.7255671486632,-16,"acceptable"
465,"Infrastructure","Loss-Avoidance Alternative",-0.829470452109278,-123.051886693248,-16,"acceptable"
485,"Healthcare","Cautious Alternative",-3.72496440961159,-33.3262939295348,16,"acceptable"
495,"Healthcare","Balanced Alternative",-7.0638080358766,-54.804764724408,16,"review"
541,"Infrastructure","Loss-Avoidance Alternative",1.7827360094397,-86.4094183525344,-16,"acceptable"
21,"Infrastructure","Balanced Alternative",6.83809204651301,-11.7588487914857,-15,"acceptable"
33,"Financial Risk","Cautious Alternative",2.82498260562706,24.1173654176027,15,"acceptable"
39,"Healthcare","Loss-Avoidance Alternative",9.16362121424933,36.4896331762724,-15,"review"
64,"Public Policy","High-Upside Alternative",-1.37277108889938,-163.21845809302,-15,"acceptable"
124,"Public Policy","Loss-Avoidance Alternative",-5.64109573961122,-53.0134058906567,15,"acceptable"
127,"Financial Risk","High-Upside Alternative",1.6685597369604,14.2312840188614,15,"review"
193,"Organizational Strategy","Loss-Avoidance Alternative",9.3444914775812,86.4748429996728,15,"review"
201,"Organizational Strategy","Cautious Alternative",8.37740994172944,25.9071268779326,-15,"review"
231,"Infrastructure","Balanced Alternative",13.8256223955133,77.0097867072362,-15,"review"
326,"Healthcare","Balanced Alternative",-1.87520479564674,-27.4038888491976,15,"acceptable"
331,"Public Policy","Cautious Alternative",5.412365570588,32.4275629050309,15,"acceptable"
380,"Healthcare","Status Quo",10.2730382197238,85.2547103480376,15,"review"
410,"Organizational Strategy","Cautious Alternative",9.1871109921693,78.7060985872908,15,"review"
483,"Infrastructure","Balanced Alternative",3.25186552040633,-37.2193876511968,-15,"acceptable"
490,"Infrastructure","Status Quo",1.99728624121701,14.3334147945378,15,"review"
492,"Financial Risk","Status Quo",4.19343236436465,-16.7470555220595,-15,"review"
533,"Financial Risk","High-Upside Alternative",5.15892336390913,-7.70723815604289,-15,"review"
631,"Financial Risk","Loss-Avoidance Alternative",3.62822198611384,-21.3498199931368,-15,"review"
672,"Public Policy","Balanced Alternative",10.6825245232324,49.5237882025056,-15,"review"
694,"Public Policy","High-Upside Alternative",5.69939883142795,-5.47321550019532,-15,"acceptable"
719,"Public Policy","Balanced Alternative",2.98641915156784,-60.8278336936907,-15,"review"
17,"Financial Risk","Balanced Alternative",0.450246499318104,-60.6740442203442,-14,"review"
41,"Infrastructure","Cautious Alternative",5.85898260130814,-12.2339374954672,-14,"acceptable"
54,"Infrastructure","Status Quo",12.6560852054969,68.6349693332959,-14,"review"
70,"Infrastructure","Cautious Alternative",2.01550230696981,-70.2652820305158,-14,"review"
96,"AI Governance","Loss-Avoidance Alternative",6.92478280305405,49.8396754520278,14,"review"
97,"Organizational Strategy","Status Quo",6.08071428243947,37.5518574644842,14,"acceptable"
130,"Organizational Strategy","Status Quo",10.1569599636688,51.2170932369408,-14,"review"
178,"Organizational Strategy","Loss-Avoidance Alternative",4.95516116002559,28.2527823202172,14,"acceptable"
233,"Public Policy","Loss-Avoidance Alternative",-0.109740137978128,-95.8419554405766,-14,"review"
235,"Public Policy","Cautious Alternative",-3.36022840705407,-48.3360273277842,14,"acceptable"
268,"Public Policy","Cautious Alternative",1.76678920539276,-89.3453813422547,-14,"review"
276,"Public Policy","Status Quo",9.40164870269298,68.6443238069848,14,"acceptable"
330,"Infrastructure","Cautious Alternative",-5.36565442575336,-51.5470258590401,14,"acceptable"
350,"AI Governance","Status Quo",-0.095592503335233,-27.2925225878489,14,"acceptable"
366,"Organizational Strategy","High-Upside Alternative",10.1950573892629,119.775351647925,14,"review"
539,"Organizational Strategy","Balanced Alternative",13.5095559797775,68.3685519814712,-14,"review"
608,"Organizational Strategy","Status Quo",7.62260429812392,20.3241141861967,-14,"review"
618,"Public Policy","Loss-Avoidance Alternative",11.2059868118416,177.108096961021,14,"review"
619,"Infrastructure","High-Upside Alternative",7.31062819677064,45.274978139245,14,"review"
623,"Organizational Strategy","Loss-Avoidance Alternative",9.06786842781606,41.1182103388008,-14,"review"
684,"Healthcare","Balanced Alternative",10.8730093686975,55.6510472715374,-14,"review"
696,"Organizational Strategy","Loss-Avoidance Alternative",7.93384392725918,52.8710627913828,14,"acceptable"
700,"Infrastructure","Cautious Alternative",4.99967174772288,-20.7994098958412,-14,"review"
708,"Public Policy","Cautious Alternative",5.01628238961085,-33.7979622706753,-14,"review"
37,"Infrastructure","Balanced Alternative",0.935788312276345,-96.9190911912174,-13,"review"
202,"AI Governance","Balanced Alternative",9.23646903070601,50.242071711484,-13,"review"
253,"Healthcare","Cautious Alternative",9.25721323350549,75.4380408481381,13,"acceptable"
265,"Infrastructure","Loss-Avoidance Alternative",-4.95572122860882,-40.9926712406493,13,"review"
352,"Financial Risk","Status Quo",7.76092632606329,28.6702914392212,-13,"review"
403,"Public Policy","Balanced Alternative",3.28704090393396,14.5297568537305,13,"review"
421,"Infrastructure","Balanced Alternative",-9.04443154344646,-74.4027417103954,13,"acceptable"
433,"Infrastructure","High-Upside Alternative",7.25813311922786,18.151535232884,-13,"review"
466,"Public Policy","Balanced Alternative",7.36257494195811,28.5001302172153,-13,"acceptable"
562,"Infrastructure","High-Upside Alternative",11.707129095744,176.823259946699,13,"review"
625,"Healthcare","High-Upside Alternative",3.68814550381846,14.6544875680888,13,"acceptable"
702,"Public Policy","Status Quo",-7.22115765284614,-63.4488768394779,13,"acceptable"
717,"Organizational Strategy","Status Quo",9.26376452694586,43.4463198295871,-13,"review"
40,"AI Governance","Loss-Avoidance Alternative",6.2266512034856,39.3647984271773,12,"acceptable"
91,"Infrastructure","Balanced Alternative",2.51802513264651,20.2998427787787,12,"review"
104,"Public Policy","Loss-Avoidance Alternative",-1.07728601632724,-96.2950836623471,-12,"review"
150,"Organizational Strategy","Status Quo",-1.21176423074851,-27.5413156287337,12,"review"
229,"AI Governance","Balanced Alternative",12.6355446684587,66.3308596365371,-12,"review"
298,"AI Governance","Loss-Avoidance Alternative",4.74767267299175,-26.6828880499325,-12,"review"
319,"Infrastructure","Balanced Alternative",1.56449867358821,-80.0275444126111,-12,"acceptable"
387,"Public Policy","Loss-Avoidance Alternative",16.5581852422894,72.392753280064,-12,"review"
441,"Financial Risk","Status Quo",-2.58007838175205,-74.0687975378134,-12,"acceptable"
464,"Public Policy","Status Quo",7.65990016202996,30.9149087312578,-12,"acceptable"
487,"Financial Risk","Loss-Avoidance Alternative",9.76866770089381,45.7520451219583,-12,"review"
506,"AI Governance","Cautious Alternative",11.8166845073952,139.248438989192,12,"review"
596,"Financial Risk","High-Upside Alternative",10.8691935605834,58.5286762572974,-12,"review"
613,"Infrastructure","Cautious Alternative",1.80361768380546,0.602586061902343,12,"review"
692,"Organizational Strategy","High-Upside Alternative",-3.34813698708001,-40.0664962164238,12,"acceptable"
716,"Organizational Strategy","Balanced Alternative",7.34088622774909,45.2970951101607,12,"acceptable"
59,"Organizational Strategy","Status Quo",-6.63484601343133,-64.9556845661341,11,"acceptable"
79,"AI Governance","Balanced Alternative",-3.11987957011747,-48.8709664310411,11,"acceptable"
82,"Healthcare","Loss-Avoidance Alternative",-3.83091305267356,-131.277869038587,-11,"review"
85,"Healthcare","Balanced Alternative",8.06127059249228,33.6670559281587,-11,"review"
92,"Healthcare","Cautious Alternative",7.78764853898583,53.0129857655604,11,"acceptable"
155,"Healthcare","Cautious Alternative",5.54257549282056,-5.76698831232922,-11,"acceptable"
161,"Organizational Strategy","Balanced Alternative",4.07377216422543,19.2338701714443,11,"review"
166,"Financial Risk","Cautious Alternative",1.59532631973919,-40.5131216970872,-11,"acceptable"
180,"Healthcare","High-Upside Alternative",12.4615267385436,192.989193986935,11,"review"
209,"Public Policy","Balanced Alternative",10.4606534068383,51.3108935834682,-11,"review"
329,"Organizational Strategy","Balanced Alternative",-4.10119174936052,-45.6658274352677,11,"acceptable"
515,"Healthcare","Loss-Avoidance Alternative",7.15207505201005,17.5507676041823,-11,"review"
553,"Public Policy","Balanced Alternative",6.73891236285384,18.2637017630944,-11,"acceptable"
579,"Public Policy","Cautious Alternative",7.24353076673013,27.6834779270645,-11,"acceptable"
629,"Healthcare","Loss-Avoidance Alternative",11.0399888151931,63.238263074232,-11,"review"
646,"Healthcare","Loss-Avoidance Alternative",3.33066098513321,3.06061186461384,11,"review"
678,"Financial Risk","Loss-Avoidance Alternative",-0.036072937160637,-15.3168123302612,11,"acceptable"
695,"Public Policy","High-Upside Alternative",-2.98347074709282,-163.881160889626,-11,"review"
24,"AI Governance","Status Quo",-4.50881511625434,-246.660804931811,-10,"review"
154,"Public Policy","Cautious Alternative",-2.22858593612027,-123.643818688045,-10,"review"
172,"Healthcare","Status Quo",7.15226750993664,17.9497627013532,-10,"review"
218,"Organizational Strategy","Loss-Avoidance Alternative",8.80404394284741,41.3229203868093,-10,"review"
251,"Financial Risk","Balanced Alternative",8.87799877059091,44.1942369100942,-10,"acceptable"
252,"AI Governance","Balanced Alternative",7.84942649196835,35.1146316192921,-10,"acceptable"
304,"Healthcare","Status Quo",6.8727932539247,35.8952566323536,10,"acceptable"
406,"Public Policy","Cautious Alternative",9.48450980956643,45.7664821928991,-10,"review"
479,"Healthcare","Balanced Alternative",7.99898239010323,53.8737678341192,10,"acceptable"
559,"Financial Risk","High-Upside Alternative",2.91844556760684,15.8889987148872,10,"acceptable"
572,"Financial Risk","Status Quo",-5.4806832522,-45.5542539410404,10,"acceptable"
573,"AI Governance","Cautious Alternative",-1.52448855804112,-46.0962102215334,10,"acceptable"
575,"AI Governance","Balanced Alternative",8.87365904160009,51.8793139188167,-10,"review"
652,"Organizational Strategy","Balanced Alternative",-3.38360021407311,-43.8903302737452,10,"acceptable"
671,"Financial Risk","High-Upside Alternative",-4.04527676161076,-106.17121423663,-10,"review"
673,"Infrastructure","High-Upside Alternative",9.81332350028423,75.3123701359217,10,"review"
10,"Infrastructure","Balanced Alternative",2.56677535700181,-31.1986146048342,-9,"acceptable"
51,"Organizational Strategy","Status Quo",0.556945794918824,-23.0632844685036,9,"review"
77,"Infrastructure","Balanced Alternative",13.1511642770975,79.4516149718529,-9,"acceptable"
151,"Infrastructure","Balanced Alternative",12.4360242945816,138.014251856619,9,"review"
175,"AI Governance","Cautious Alternative",7.34627149457373,26.2293862756735,-9,"review"
247,"Organizational Strategy","Balanced Alternative",3.31225821605838,-39.7940208589939,-9,"review"
266,"Infrastructure","Cautious Alternative",7.97043567336729,47.4553207626071,9,"acceptable"
270,"Organizational Strategy","High-Upside Alternative",4.87932958380959,20.5120799428768,9,"acceptable"
408,"Organizational Strategy","Balanced Alternative",5.14969823064805,22.3766466559365,9,"acceptable"
457,"Organizational Strategy","Cautious Alternative",11.3487381811451,196.740412899894,9,"review"
489,"Public Policy","Cautious Alternative",2.19252982147947,-55.3292668995349,-9,"review"
511,"Infrastructure","High-Upside Alternative",10.4435987965794,79.6356477294353,9,"acceptable"
530,"Healthcare","Balanced Alternative",11.8171147143135,78.5451544358297,-9,"acceptable"
537,"Organizational Strategy","Cautious Alternative",8.09640190747999,49.3163863120622,9,"acceptable"
556,"Infrastructure","Cautious Alternative",15.1493560460278,97.4413633522458,-9,"review"
568,"AI Governance","High-Upside Alternative",5.05618306703166,-10.7573675937886,-9,"review"
586,"Infrastructure","High-Upside Alternative",2.10143539336747,-37.0785943059717,-9,"review"
587,"Financial Risk","Balanced Alternative",-3.08487633788474,-26.9753967517951,9,"acceptable"
589,"AI Governance","Balanced Alternative",9.2971052712289,55.0171831604268,-9,"acceptable"
599,"Healthcare","High-Upside Alternative",4.56061995796968,17.8361219404987,9,"acceptable"
621,"Organizational Strategy","Loss-Avoidance Alternative",8.68175670821811,59.7050784693469,9,"review"
632,"Healthcare","Balanced Alternative",7.16803051828482,22.2061073972196,-9,"acceptable"
653,"Infrastructure","Loss-Avoidance Alternative",-5.00818122587069,-68.7128006148025,9,"acceptable"
661,"AI Governance","Balanced Alternative",7.61916021185219,34.146372893153,-9,"acceptable"
676,"Public Policy","Loss-Avoidance Alternative",3.77840746220945,-28.5609562819732,-9,"acceptable"
685,"AI Governance","Cautious Alternative",-1.97417380865254,-94.1328423195466,-9,"acceptable"
706,"AI Governance","Status Quo",2.74653661827101,-35.3338119096227,-9,"acceptable"
709,"Financial Risk","Balanced Alternative",7.0769474423442,21.2931718422781,-9,"review"
140,"Organizational Strategy","Loss-Avoidance Alternative",-0.224969560310332,-64.290495655791,-8,"acceptable"
255,"Organizational Strategy","High-Upside Alternative",10.7624596128978,107.598713630568,8,"review"
285,"Financial Risk","High-Upside Alternative",8.2243221499471,60.5694186175578,8,"acceptable"
317,"Organizational Strategy","Cautious Alternative",3.5213894898747,-39.261237063121,-8,"acceptable"
320,"AI Governance","Loss-Avoidance Alternative",6.82028926643766,19.7303007074335,-8,"acceptable"
345,"Organizational Strategy","Loss-Avoidance Alternative",9.25083865082773,45.8515945978864,-8,"acceptable"
372,"Healthcare","Loss-Avoidance Alternative",8.69665886280937,57.9324939553276,8,"review"
445,"Infrastructure","Status Quo",-1.21350071940993,-89.693412822779,-8,"acceptable"
461,"Financial Risk","Status Quo",9.17100568745533,46.3576363959025,-8,"review"
474,"Public Policy","Status Quo",-8.35746656862163,-94.1126234025541,8,"acceptable"
540,"Financial Risk","Loss-Avoidance Alternative",0.0547269275713331,-17.6014249285895,8,"acceptable"
569,"Infrastructure","Cautious Alternative",-3.85780739616623,-52.2716469532657,8,"acceptable"
577,"Infrastructure","Loss-Avoidance Alternative",3.81601379928746,22.8968701214665,8,"acceptable"
614,"Organizational Strategy","Cautious Alternative",-0.295880660309064,-38.2383664852336,8,"review"
628,"AI Governance","High-Upside Alternative",-3.91340523365016,-60.0495871646296,8,"acceptable"
720,"Infrastructure","High-Upside Alternative",11.0613948315837,64.7925631445652,-8,"review"
3,"Public Policy","Cautious Alternative",3.52346437036057,8.92818148339465,7,"review"
34,"Organizational Strategy","High-Upside Alternative",8.62732836408087,54.491452852051,7,"acceptable"
83,"Healthcare","High-Upside Alternative",11.1262525075704,92.0278049208614,7,"review"
113,"Public Policy","Cautious Alternative",-1.97612780658462,-49.3601229200802,7,"acceptable"
122,"Public Policy","High-Upside Alternative",3.63206934802963,13.34027555568,7,"review"
216,"Infrastructure","Loss-Avoidance Alternative",7.60179619418798,38.9367163619314,7,"acceptable"
312,"AI Governance","Cautious Alternative",11.5070322768555,95.6897277639082,7,"review"
337,"Infrastructure","Status Quo",7.6066668066242,39.6511076800779,7,"acceptable"
362,"Public Policy","Loss-Avoidance Alternative",-0.905072914002623,-68.1380851501703,-7,"acceptable"
378,"AI Governance","High-Upside Alternative",3.82296577808762,18.1349081516054,7,"acceptable"
386,"Infrastructure","Status Quo",11.3016407683519,90.3445818920919,7,"review"
425,"Organizational Strategy","Cautious Alternative",9.89842551549393,59.235442950942,-7,"acceptable"
453,"Public Policy","Status Quo",3.71536155792025,13.9639576559518,7,"acceptable"
468,"AI Governance","Balanced Alternative",-5.39798947688945,-231.841095760051,-7,"review"
472,"Organizational Strategy","High-Upside Alternative",0.340946857763769,-61.5487509235693,-7,"acceptable"
477,"Healthcare","Balanced Alternative",11.3587841382666,95.1583988147891,7,"review"
503,"AI Governance","Loss-Avoidance Alternative",4.46399552018562,22.1383374398751,7,"acceptable"
542,"AI Governance","High-Upside Alternative",7.15659765221763,42.9012529714458,7,"review"
576,"AI Governance","Loss-Avoidance Alternative",-7.58863678782278,-89.0739386339038,7,"acceptable"
617,"Healthcare","Loss-Avoidance Alternative",8.14530060536187,54.5144639138863,7,"review"
647,"Financial Risk","Balanced Alternative",12.0793277310752,77.4302344070882,-7,"review"
660,"Financial Risk","Loss-Avoidance Alternative",8.45961094695978,43.9993791454726,-7,"review"
669,"Infrastructure","Status Quo",7.17007484685052,36.2524947811704,7,"acceptable"
677,"Healthcare","Balanced Alternative",8.46445694442424,57.4257267929381,7,"review"
699,"AI Governance","Cautious Alternative",12.8910959226932,72.3483079639765,-7,"review"
44,"Healthcare","Balanced Alternative",-5.65582052798304,-60.9157143615886,6,"acceptable"
63,"Public Policy","High-Upside Alternative",14.2511947302791,75.3827115260356,-6,"acceptable"
86,"AI Governance","High-Upside Alternative",-4.55084043609164,-69.6348207153129,6,"review"
111,"AI Governance","Loss-Avoidance Alternative",9.52731146124401,70.8139849765944,6,"acceptable"
120,"Healthcare","Status Quo",2.98789176280053,-27.2775208768638,-6,"review"
135,"Public Policy","Balanced Alternative",2.07086753096388,-51.7100076218976,-6,"review"
248,"Healthcare","Cautious Alternative",13.6528783806435,107.318597892424,-6,"review"
291,"Organizational Strategy","High-Upside Alternative",-2.63045436786811,-80.0874371400641,-6,"acceptable"
297,"Financial Risk","Loss-Avoidance Alternative",-5.23114622936516,-55.7879206262534,6,"acceptable"
332,"AI Governance","Loss-Avoidance Alternative",5.81778313276248,14.8032722704344,-6,"acceptable"
402,"Financial Risk","Status Quo",9.72878084409601,53.5405709352477,-6,"review"
411,"Healthcare","High-Upside Alternative",10.928201338279,82.7516072477627,6,"acceptable"
413,"Public Policy","Balanced Alternative",9.5792452636982,51.2088806593015,-6,"review"
428,"AI Governance","Cautious Alternative",7.93163555332027,56.0077335393645,6,"review"
437,"Public Policy","Balanced Alternative",13.3123965899276,147.284561762708,6,"review"
471,"AI Governance","Cautious Alternative",6.20699746426288,18.2821656599121,-6,"review"
516,"Financial Risk","Status Quo",7.62062291507584,37.7993834548132,-6,"acceptable"
582,"Financial Risk","Status Quo",8.08978379179125,42.7410289311264,-6,"review"
622,"Public Policy","Status Quo",6.53849606006862,19.6116546091678,-6,"review"
649,"Healthcare","Loss-Avoidance Alternative",6.49052919597812,16.734501541301,-6,"acceptable"
681,"Public Policy","Loss-Avoidance Alternative",12.80756529981,107.550466426998,6,"review"
75,"AI Governance","High-Upside Alternative",7.99093549592884,47.5374312545078,-5,"review"
87,"Organizational Strategy","High-Upside Alternative",7.31377783568135,37.6892239835693,5,"acceptable"
109,"Public Policy","High-Upside Alternative",3.27763692659492,-35.8067130033653,-5,"acceptable"
112,"Organizational Strategy","Balanced Alternative",9.33277682743556,51.6862125342945,-5,"acceptable"
137,"Public Policy","Loss-Avoidance Alternative",-2.45069106978887,-55.7392343418775,5,"acceptable"
144,"Organizational Strategy","Status Quo",-1.32136657686623,-70.6756735130607,-5,"review"
167,"Healthcare","Loss-Avoidance Alternative",12.5975257512558,94.0352441198929,-5,"acceptable"
171,"AI Governance","Balanced Alternative",-6.81092300169298,-294.113866340078,-5,"review"
192,"Financial Risk","High-Upside Alternative",-3.76804210709361,-41.7038246541399,5,"acceptable"
256,"Public Policy","Loss-Avoidance Alternative",9.38035530164347,56.0120551383022,5,"review"
257,"Organizational Strategy","Loss-Avoidance Alternative",12.6057304083501,79.6606490117056,-5,"review"
275,"Healthcare","Status Quo",3.93933517421978,-6.83876540402831,-5,"acceptable"
323,"AI Governance","Loss-Avoidance Alternative",-2.9549550807444,-84.69881022763,-5,"acceptable"
359,"Public Policy","Balanced Alternative",7.82726673232867,34.6216782802445,-5,"acceptable"
377,"Healthcare","Loss-Avoidance Alternative",9.56114955003214,55.7732704419955,-5,"review"
389,"AI Governance","Balanced Alternative",12.0226674256598,100.996898159418,5,"review"
393,"Organizational Strategy","Balanced Alternative",6.36710358826948,13.3071562176798,-5,"review"
430,"Organizational Strategy","High-Upside Alternative",-3.94887347774487,-96.1393296981591,-5,"review"
436,"Infrastructure","High-Upside Alternative",7.08603969205612,24.3083706903993,-5,"acceptable"
450,"Organizational Strategy","Status Quo",11.2387430280109,74.4558135900159,-5,"review"
470,"Healthcare","High-Upside Alternative",11.7277284602567,96.6658387494044,5,"review"
504,"Organizational Strategy","Cautious Alternative",-5.58223750076403,-69.6945019778897,5,"acceptable"
518,"Healthcare","High-Upside Alternative",-5.03059205994838,-129.41784652101,-5,"acceptable"
536,"Healthcare","Loss-Avoidance Alternative",4.54704849919833,-5.34562687191262,-5,"review"
590,"Organizational Strategy","Status Quo",4.76440731858933,17.0967237458204,5,"review"
602,"AI Governance","Balanced Alternative",8.27336729334808,57.602667031284,5,"acceptable"
620,"Infrastructure","High-Upside Alternative",1.32003942109128,-26.4180895336534,5,"review"
643,"Infrastructure","Loss-Avoidance Alternative",13.4563527925021,88.698146045705,-5,"review"
670,"AI Governance","Status Quo",7.26725498082104,29.7968202684094,-5,"acceptable"
674,"Public Policy","Balanced Alternative",7.28403178645858,39.1010913335295,5,"acceptable"
117,"Public Policy","Cautious Alternative",9.41501999818829,56.0444602196368,4,"acceptable"
134,"AI Governance","High-Upside Alternative",12.4724217302823,118.394520299625,4,"acceptable"
165,"Healthcare","Balanced Alternative",7.31634643300977,27.5919806440081,-4,"review"
173,"Public Policy","Balanced Alternative",10.0637055747182,55.0056622936028,-4,"acceptable"
214,"AI Governance","Loss-Avoidance Alternative",-3.94354690681688,-68.1747430954534,4,"review"
225,"Public Policy","Status Quo",10.0497258892262,60.0823176550316,4,"acceptable"
258,"Public Policy","Balanced Alternative",-4.97161431702658,-141.056251683795,-4,"review"
261,"Healthcare","Cautious Alternative",7.70174761059937,34.1731586804919,-4,"review"
274,"Healthcare","Status Quo",11.6289346739838,81.0656468621619,-4,"review"
301,"Organizational Strategy","Balanced Alternative",9.58874104026777,71.4610727320655,4,"review"
313,"Healthcare","Balanced Alternative",12.4137687355012,83.3268345003314,-4,"acceptable"
375,"Public Policy","Cautious Alternative",7.37944071255516,34.438619964014,-4,"review"
376,"Organizational Strategy","High-Upside Alternative",-5.86662646093951,-147.938619600325,-4,"review"
388,"Healthcare","Status Quo",7.73507411014895,41.9832011529877,4,"review"
444,"Public Policy","Cautious Alternative",11.1538611601613,60.8976084805729,-4,"acceptable"
447,"AI Governance","Balanced Alternative",3.24658579966872,-20.199136280505,-4,"acceptable"
473,"Organizational Strategy","Loss-Avoidance Alternative",6.02649680737218,22.0663548511622,4,"review"
500,"AI Governance","Loss-Avoidance Alternative",12.0146052101103,66.9853658234254,-4,"review"
535,"Organizational Strategy","Loss-Avoidance Alternative",7.64991240309847,41.6685720863594,4,"acceptable"
584,"Healthcare","Balanced Alternative",8.05989536995855,50.2759019018004,4,"review"
603,"Healthcare","Loss-Avoidance Alternative",2.36665688111926,-31.0053483322931,-4,"acceptable"
36,"Infrastructure","Cautious Alternative",7.46458061411015,36.0770872386998,3,"review"
52,"Organizational Strategy","Cautious Alternative",-5.79018988407334,-115.02990027315,-3,"review"
55,"Financial Risk","Cautious Alternative",-5.85246068673367,-64.1335293563088,3,"acceptable"
60,"Healthcare","Cautious Alternative",3.31873553019889,-18.8442766062286,-3,"review"
107,"Organizational Strategy","Cautious Alternative",7.15131307234182,22.9815426820769,-3,"acceptable"
129,"Organizational Strategy","Balanced Alternative",6.00521279052668,11.8973243411197,-3,"review"
158,"Infrastructure","Status Quo",3.8900589492528,15.5786425808169,3,"review"
183,"Financial Risk","Cautious Alternative",-2.15685259158215,-35.5399083306195,3,"acceptable"
185,"Healthcare","Cautious Alternative",-3.24601814727041,-52.1907144607911,3,"acceptable"
195,"Infrastructure","High-Upside Alternative",-1.50681364168989,-80.7326985658202,-3,"review"
212,"Healthcare","Cautious Alternative",-6.5299202627781,-101.933567608229,3,"acceptable"
250,"AI Governance","Status Quo",7.99307102329553,49.967182517024,-3,"review"
288,"AI Governance","Loss-Avoidance Alternative",14.0292913083526,131.623571354845,3,"acceptable"
335,"Organizational Strategy","High-Upside Alternative",7.27526396074154,33.63728911741,3,"acceptable"
338,"AI Governance","High-Upside Alternative",-6.06859458611829,-143.481818233984,-3,"acceptable"
339,"Infrastructure","Status Quo",9.56022422927163,61.3441867668921,3,"acceptable"
346,"Healthcare","Balanced Alternative",12.5768833951771,94.361800930192,-3,"review"
348,"Financial Risk","Loss-Avoidance Alternative",12.5474556278048,97.1725647973678,-3,"acceptable"
407,"Financial Risk","Loss-Avoidance Alternative",6.71705792697605,30.1753284880791,3,"acceptable"
439,"Organizational Strategy","Cautious Alternative",10.9164572493583,75.7360372056621,-3,"acceptable"
443,"Healthcare","High-Upside Alternative",9.294353514589,66.6688994542652,3,"review"
446,"AI Governance","Status Quo",0.646235555647591,-32.5832224977248,3,"review"
458,"Financial Risk","Loss-Avoidance Alternative",-4.82929039073434,-66.2607642739323,-3,"review"
488,"Infrastructure","Balanced Alternative",2.07990690545375,-12.5884377549643,3,"acceptable"
494,"Financial Risk","Loss-Avoidance Alternative",7.15540094060402,31.6831294725649,-3,"review"
519,"Public Policy","High-Upside Alternative",5.18752012564659,15.6565539023825,3,"review"
529,"AI Governance","Status Quo",2.47131200427039,-15.9125726033522,3,"acceptable"
550,"Organizational Strategy","Status Quo",-0.940095642494733,-41.4352196572581,3,"review"
554,"Healthcare","Status Quo",-6.63019124477392,-108.600726979312,3,"acceptable"
560,"Public Policy","High-Upside Alternative",-0.669940480143128,-58.5777368321934,-3,"acceptable"
578,"Healthcare","Status Quo",10.8595591602679,68.5392804130588,-3,"acceptable"
642,"AI Governance","Status Quo",-5.92653828434595,-87.8646882971751,3,"acceptable"
645,"AI Governance","High-Upside Alternative",7.83364807808579,45.9449755495925,-3,"review"
650,"AI Governance","Balanced Alternative",-7.50658378919173,-104.749165182005,3,"acceptable"
675,"Infrastructure","Loss-Avoidance Alternative",-1.37454021322169,-79.329744514738,-3,"review"
705,"AI Governance","High-Upside Alternative",-0.0826692724213665,-60.5355193296148,-3,"acceptable"
47,"Public Policy","Balanced Alternative",4.40397340652344,-3.15650271690218,-2,"acceptable"
89,"Infrastructure","Status Quo",9.40030900472739,59.7035018683455,2,"acceptable"
153,"Public Policy","Cautious Alternative",14.0579382412315,95.9852099684752,2,"review"
162,"Organizational Strategy","Cautious Alternative",-10.0345811926276,-125.486036798876,2,"acceptable"
260,"Infrastructure","Balanced Alternative",14.1988028152917,170.849503799366,2,"review"
295,"Public Policy","Status Quo",6.89263171566245,30.6075638067911,-2,"review"
354,"Organizational Strategy","Balanced Alternative",4.69167566575746,7.98081412403288,2,"acceptable"
429,"Healthcare","Status Quo",10.3776137567808,68.3909629160624,-2,"review"
455,"Infrastructure","Balanced Alternative",8.47551596213791,42.0736809730723,-2,"acceptable"
475,"Financial Risk","Balanced Alternative",-7.09169093817284,-152.094996164248,-2,"acceptable"
508,"Healthcare","Loss-Avoidance Alternative",-1.67930251611821,-51.0765525251582,2,"acceptable"
526,"Infrastructure","Balanced Alternative",-7.48045432139683,-127.353790947662,-2,"review"
528,"Infrastructure","High-Upside Alternative",-8.86243342957128,-152.031694774077,-2,"review"
683,"Financial Risk","Loss-Avoidance Alternative",7.29624051307686,41.3941330343061,2,"acceptable"
7,"Healthcare","High-Upside Alternative",11.3272400371085,81.0642200353209,-1,"review"
14,"Infrastructure","High-Upside Alternative",10.66472293084,69.7584630877935,1,"review"
32,"Organizational Strategy","Status Quo",9.52552751626053,62.8126418584837,-1,"review"
42,"AI Governance","Status Quo",-1.78841552748838,-62.3162554696969,1,"review"
72,"Public Policy","Status Quo",15.2211747858889,248.654050098295,1,"review"
84,"Public Policy","Loss-Avoidance Alternative",6.89397264406433,32.7325537723565,1,"acceptable"
93,"Healthcare","Status Quo",-6.67978712348373,-181.242677553811,-1,"review"
101,"AI Governance","Loss-Avoidance Alternative",0.277904421956237,-47.8194399645127,1,"acceptable"
116,"AI Governance","Balanced Alternative",6.84086384296743,27.2707180404977,-1,"acceptable"
121,"Healthcare","High-Upside Alternative",8.2061890301765,48.1783907914279,-1,"acceptable"
169,"Infrastructure","Balanced Alternative",0.73466889356555,-56.0771094952681,-1,"acceptable"
203,"Organizational Strategy","Loss-Avoidance Alternative",-6.29279636841228,-100.924770463374,1,"acceptable"
220,"Infrastructure","Status Quo",8.66447573285261,46.8635260029172,-1,"review"
246,"Infrastructure","Balanced Alternative",6.97020101549235,24.3222810432842,-1,"review"
277,"Financial Risk","Loss-Avoidance Alternative",8.847484879667,52.3412477345009,-1,"review"
294,"Financial Risk","Cautious Alternative",10.1429466073723,65.236599421395,-1,"acceptable"
322,"Infrastructure","High-Upside Alternative",7.08906913260893,31.1167388576951,1,"acceptable"
440,"Organizational Strategy","Loss-Avoidance Alternative",9.45304170630577,60.4878560381828,-1,"acceptable"
481,"AI Governance","High-Upside Alternative",-8.67417519600864,-165.024432535898,1,"review"
491,"Financial Risk","Cautious Alternative",-4.3457060807143,-61.541465820628,-1,"acceptable"
493,"AI Governance","Balanced Alternative",0.0533023821822916,-53.8428650877084,1,"acceptable"
510,"Healthcare","Status Quo",-8.9924161347822,-256.200938222584,-1,"review"
552,"AI Governance","Cautious Alternative",15.1838259889004,180.178900251894,1,"review"
635,"Healthcare","High-Upside Alternative",-9.12120960129391,-242.400652772603,1,"review"
644,"Financial Risk","Cautious Alternative",6.95125482410058,29.7584815359988,-1,"review"
648,"Healthcare","High-Upside Alternative",6.50345756461933,23.1282149972933,1,"acceptable"
656,"Infrastructure","Status Quo",10.1182940433641,63.4863975410842,-1,"acceptable"
690,"Infrastructure","Loss-Avoidance Alternative",-4.26152410454842,-90.5292545422426,-1,"review"
18,"Public Policy","Status Quo",-6.42504898724376,-127.175021457525,0,"review"
74,"Financial Risk","Status Quo",10.3041322725463,70.6048279264132,0,"review"
108,"Financial Risk","Status Quo",16.2029542145661,136.434827372836,0,"acceptable"
133,"Organizational Strategy","High-Upside Alternative",7.56150477738019,37.2078954696357,0,"acceptable"
187,"Financial Risk","Cautious Alternative",8.65714663074782,48.9050962625575,0,"acceptable"
198,"Public Policy","Cautious Alternative",5.26919495812522,15.1175159107539,0,"acceptable"
279,"Organizational Strategy","Balanced Alternative",15.3127057048771,164.390531582251,0,"review"
300,"AI Governance","Balanced Alternative",-3.64384082586702,-70.3982883347359,0,"acceptable"
434,"Public Policy","Cautious Alternative",-9.75974550410356,-214.935107383334,0,"review"
497,"Healthcare","Loss-Avoidance Alternative",12.7735406835346,111.541739207415,0,"acceptable"
615,"Financial Risk","Cautious Alternative",1.01182340369358,-25.1548555697705,0,"review"
630,"Infrastructure","Cautious Alternative",-7.09599665913587,-103.712956579757,0,"review"
655,"Infrastructure","Status Quo",10.7282071827567,73.8994859327262,0,"review"
711,"Healthcare","High-Upside Alternative",-5.89876880907185,-109.766061975512,0,"acceptable"
