trial,scenario,expected_utility_strategy,expected_utility_payoff,minimax_regret_strategy,minimax_regret_payoff,robust_adaptive_strategy,robust_adaptive_payoff,satisficing_strategy,satisficing_payoff
1,Cost pressure,Adaptive,32.805,Balanced,28.72,Adaptive,32.805,Optimize,37.33
2,Expansion,Adaptive,83.25,Balanced,88.035,Adaptive,83.25,Staged Pilot,74.6
3,Baseline,Adaptive,54.138,Balanced,54.004,Adaptive,54.138,Staged Pilot,50.682
4,Baseline,Adaptive,54.138,Balanced,54.004,Adaptive,54.138,Staged Pilot,50.682
5,Cost pressure,Adaptive,32.805,Balanced,28.72,Adaptive,32.805,Optimize,37.33
6,Cost pressure,Adaptive,32.805,Balanced,28.72,Adaptive,32.805,Optimize,37.33
7,System shock,Adaptive,11.865,Balanced,-6.455,Adaptive,11.865,Optimize,-20.75
8,Expansion,Adaptive,83.25,Balanced,88.035,Adaptive,83.25,Staged Pilot,74.6
9,Baseline,Adaptive,54.138,Balanced,54.004,Adaptive,54.138,Staged Pilot,50.682
10,Expansion,Adaptive,83.25,Balanced,88.035,Adaptive,83.25,Staged Pilot,74.6
11,Expansion,Adaptive,83.25,Balanced,88.035,Adaptive,83.25,Staged Pilot,74.6
12,Baseline,Adaptive,54.138,Balanced,54.004,Adaptive,54.138,Staged Pilot,50.682
13,Expansion,Adaptive,83.25,Balanced,88.035,Adaptive,83.25,Staged Pilot,74.6
14,Expansion,Adaptive,83.25,Balanced,88.035,Adaptive,83.25,Staged Pilot,74.6
15,Cost pressure,Adaptive,32.805,Balanced,28.72,Adaptive,32.805,Optimize,37.33
16,Baseline,Adaptive,54.138,Balanced,54.004,Adaptive,54.138,Staged Pilot,50.682
17,Baseline,Adaptive,54.138,Balanced,54.004,Adaptive,54.138,Staged Pilot,50.682
18,Cost pressure,Adaptive,32.805,Balanced,28.72,Adaptive,32.805,Optimize,37.33
19,System shock,Adaptive,11.865,Balanced,-6.455,Adaptive,11.865,Optimize,-20.75
20,Expansion,Adaptive,83.25,Balanced,88.035,Adaptive,83.25,Staged Pilot,74.6
21,System shock,Adaptive,11.865,Balanced,-6.455,Adaptive,11.865,Optimize,-20.75
22,Cost pressure,Adaptive,32.805,Balanced,28.72,Adaptive,32.805,Optimize,37.33
23,Baseline,Adaptive,54.138,Balanced,54.004,Adaptive,54.138,Staged Pilot,50.682
24,Expansion,Adaptive,83.25,Balanced,88.035,Adaptive,83.25,Staged Pilot,74.6
25,Institutional constraint,Adaptive,26.035,Balanced,17.4525,Adaptive,26.035,Optimize,16.215
26,Baseline,Adaptive,54.138,Balanced,54.004,Adaptive,54.138,Staged Pilot,50.682
27,Expansion,Adaptive,83.25,Balanced,88.035,Adaptive,83.25,Staged Pilot,74.6
28,Expansion,Adaptive,83.25,Balanced,88.035,Adaptive,83.25,Staged Pilot,74.6
29,System shock,Adaptive,11.865,Balanced,-6.455,Adaptive,11.865,Optimize,-20.75
30,Cost pressure,Adaptive,32.805,Balanced,28.72,Adaptive,32.805,Optimize,37.33
31,System shock,Adaptive,11.865,Balanced,-6.455,Adaptive,11.865,Optimize,-20.75
32,Cost pressure,Adaptive,32.805,Balanced,28.72,Adaptive,32.805,Optimize,37.33
33,Baseline,Adaptive,54.138,Balanced,54.004,Adaptive,54.138,Staged Pilot,50.682
34,Institutional constraint,Adaptive,26.035,Balanced,17.4525,Adaptive,26.035,Optimize,16.215
35,Baseline,Adaptive,54.138,Balanced,54.004,Adaptive,54.138,Staged Pilot,50.682
36,Baseline,Adaptive,54.138,Balanced,54.004,Adaptive,54.138,Staged Pilot,50.682
37,System shock,Adaptive,11.865,Balanced,-6.455,Adaptive,11.865,Optimize,-20.75
38,Cost pressure,Adaptive,32.805,Balanced,28.72,Adaptive,32.805,Optimize,37.33
39,System shock,Adaptive,11.865,Balanced,-6.455,Adaptive,11.865,Optimize,-20.75
40,Cost pressure,Adaptive,32.805,Balanced,28.72,Adaptive,32.805,Optimize,37.33
41,Cost pressure,Adaptive,32.805,Balanced,28.72,Adaptive,32.805,Optimize,37.33
42,Expansion,Adaptive,83.25,Balanced,88.035,Adaptive,83.25,Staged Pilot,74.6
43,Baseline,Adaptive,54.138,Balanced,54.004,Adaptive,54.138,Staged Pilot,50.682
44,Baseline,Adaptive,54.138,Balanced,54.004,Adaptive,54.138,Staged Pilot,50.682
45,Expansion,Adaptive,83.25,Balanced,88.035,Adaptive,83.25,Staged Pilot,74.6
46,Baseline,Adaptive,54.138,Balanced,54.004,Adaptive,54.138,Staged Pilot,50.682
47,Expansion,Adaptive,83.25,Balanced,88.035,Adaptive,83.25,Staged Pilot,74.6
48,Baseline,Adaptive,54.138,Balanced,54.004,Adaptive,54.138,Staged Pilot,50.682
49,Cost pressure,Adaptive,32.805,Balanced,28.72,Adaptive,32.805,Optimize,37.33
50,Baseline,Adaptive,54.138,Balanced,54.004,Adaptive,54.138,Staged Pilot,50.682
51,Baseline,Adaptive,54.138,Balanced,54.004,Adaptive,54.138,Staged Pilot,50.682
52,Expansion,Adaptive,83.25,Balanced,88.035,Adaptive,83.25,Staged Pilot,74.6
53,Baseline,Adaptive,54.138,Balanced,54.004,Adaptive,54.138,Staged Pilot,50.682
54,Institutional constraint,Adaptive,26.035,Balanced,17.4525,Adaptive,26.035,Optimize,16.215
55,Cost pressure,Adaptive,32.805,Balanced,28.72,Adaptive,32.805,Optimize,37.33
56,Cost pressure,Adaptive,32.805,Balanced,28.72,Adaptive,32.805,Optimize,37.33
57,Expansion,Adaptive,83.25,Balanced,88.035,Adaptive,83.25,Staged Pilot,74.6
58,Cost pressure,Adaptive,32.805,Balanced,28.72,Adaptive,32.805,Optimize,37.33
59,Expansion,Adaptive,83.25,Balanced,88.035,Adaptive,83.25,Staged Pilot,74.6
60,Baseline,Adaptive,54.138,Balanced,54.004,Adaptive,54.138,Staged Pilot,50.682
61,Institutional constraint,Adaptive,26.035,Balanced,17.4525,Adaptive,26.035,Optimize,16.215
62,Cost pressure,Adaptive,32.805,Balanced,28.72,Adaptive,32.805,Optimize,37.33
63,Baseline,Adaptive,54.138,Balanced,54.004,Adaptive,54.138,Staged Pilot,50.682
64,Cost pressure,Adaptive,32.805,Balanced,28.72,Adaptive,32.805,Optimize,37.33
65,System shock,Adaptive,11.865,Balanced,-6.455,Adaptive,11.865,Optimize,-20.75
66,System shock,Adaptive,11.865,Balanced,-6.455,Adaptive,11.865,Optimize,-20.75
67,Baseline,Adaptive,54.138,Balanced,54.004,Adaptive,54.138,Staged Pilot,50.682
68,Expansion,Adaptive,83.25,Balanced,88.035,Adaptive,83.25,Staged Pilot,74.6
69,Baseline,Adaptive,54.138,Balanced,54.004,Adaptive,54.138,Staged Pilot,50.682
70,Baseline,Adaptive,54.138,Balanced,54.004,Adaptive,54.138,Staged Pilot,50.682
71,Expansion,Adaptive,83.25,Balanced,88.035,Adaptive,83.25,Staged Pilot,74.6
72,Institutional constraint,Adaptive,26.035,Balanced,17.4525,Adaptive,26.035,Optimize,16.215
73,System shock,Adaptive,11.865,Balanced,-6.455,Adaptive,11.865,Optimize,-20.75
74,Baseline,Adaptive,54.138,Balanced,54.004,Adaptive,54.138,Staged Pilot,50.682
75,Cost pressure,Adaptive,32.805,Balanced,28.72,Adaptive,32.805,Optimize,37.33
76,Baseline,Adaptive,54.138,Balanced,54.004,Adaptive,54.138,Staged Pilot,50.682
77,Institutional constraint,Adaptive,26.035,Balanced,17.4525,Adaptive,26.035,Optimize,16.215
78,Baseline,Adaptive,54.138,Balanced,54.004,Adaptive,54.138,Staged Pilot,50.682
79,Baseline,Adaptive,54.138,Balanced,54.004,Adaptive,54.138,Staged Pilot,50.682
80,Baseline,Adaptive,54.138,Balanced,54.004,Adaptive,54.138,Staged Pilot,50.682
81,Cost pressure,Adaptive,32.805,Balanced,28.72,Adaptive,32.805,Optimize,37.33
82,Baseline,Adaptive,54.138,Balanced,54.004,Adaptive,54.138,Staged Pilot,50.682
83,Cost pressure,Adaptive,32.805,Balanced,28.72,Adaptive,32.805,Optimize,37.33
84,System shock,Adaptive,11.865,Balanced,-6.455,Adaptive,11.865,Optimize,-20.75
85,Baseline,Adaptive,54.138,Balanced,54.004,Adaptive,54.138,Staged Pilot,50.682
86,Expansion,Adaptive,83.25,Balanced,88.035,Adaptive,83.25,Staged Pilot,74.6
87,Institutional constraint,Adaptive,26.035,Balanced,17.4525,Adaptive,26.035,Optimize,16.215
88,Baseline,Adaptive,54.138,Balanced,54.004,Adaptive,54.138,Staged Pilot,50.682
89,Expansion,Adaptive,83.25,Balanced,88.035,Adaptive,83.25,Staged Pilot,74.6
90,Expansion,Adaptive,83.25,Balanced,88.035,Adaptive,83.25,Staged Pilot,74.6
91,Expansion,Adaptive,83.25,Balanced,88.035,Adaptive,83.25,Staged Pilot,74.6
92,Cost pressure,Adaptive,32.805,Balanced,28.72,Adaptive,32.805,Optimize,37.33
93,System shock,Adaptive,11.865,Balanced,-6.455,Adaptive,11.865,Optimize,-20.75
94,Baseline,Adaptive,54.138,Balanced,54.004,Adaptive,54.138,Staged Pilot,50.682
95,Expansion,Adaptive,83.25,Balanced,88.035,Adaptive,83.25,Staged Pilot,74.6
96,Baseline,Adaptive,54.138,Balanced,54.004,Adaptive,54.138,Staged Pilot,50.682
97,Institutional constraint,Adaptive,26.035,Balanced,17.4525,Adaptive,26.035,Optimize,16.215
98,Baseline,Adaptive,54.138,Balanced,54.004,Adaptive,54.138,Staged Pilot,50.682
99,Institutional constraint,Adaptive,26.035,Balanced,17.4525,Adaptive,26.035,Optimize,16.215
100,System shock,Adaptive,11.865,Balanced,-6.455,Adaptive,11.865,Optimize,-20.75
101,Expansion,Adaptive,83.25,Balanced,88.035,Adaptive,83.25,Staged Pilot,74.6
102,Cost pressure,Adaptive,32.805,Balanced,28.72,Adaptive,32.805,Optimize,37.33
103,Cost pressure,Adaptive,32.805,Balanced,28.72,Adaptive,32.805,Optimize,37.33
104,Baseline,Adaptive,54.138,Balanced,54.004,Adaptive,54.138,Staged Pilot,50.682
105,Baseline,Adaptive,54.138,Balanced,54.004,Adaptive,54.138,Staged Pilot,50.682
106,Cost pressure,Adaptive,32.805,Balanced,28.72,Adaptive,32.805,Optimize,37.33
107,Expansion,Adaptive,83.25,Balanced,88.035,Adaptive,83.25,Staged Pilot,74.6
108,Baseline,Adaptive,54.138,Balanced,54.004,Adaptive,54.138,Staged Pilot,50.682
109,Baseline,Adaptive,54.138,Balanced,54.004,Adaptive,54.138,Staged Pilot,50.682
110,Institutional constraint,Adaptive,26.035,Balanced,17.4525,Adaptive,26.035,Optimize,16.215
111,System shock,Adaptive,11.865,Balanced,-6.455,Adaptive,11.865,Optimize,-20.75
112,Baseline,Adaptive,54.138,Balanced,54.004,Adaptive,54.138,Staged Pilot,50.682
113,Baseline,Adaptive,54.138,Balanced,54.004,Adaptive,54.138,Staged Pilot,50.682
114,Expansion,Adaptive,83.25,Balanced,88.035,Adaptive,83.25,Staged Pilot,74.6
115,Institutional constraint,Adaptive,26.035,Balanced,17.4525,Adaptive,26.035,Optimize,16.215
116,System shock,Adaptive,11.865,Balanced,-6.455,Adaptive,11.865,Optimize,-20.75
117,Baseline,Adaptive,54.138,Balanced,54.004,Adaptive,54.138,Staged Pilot,50.682
118,Cost pressure,Adaptive,32.805,Balanced,28.72,Adaptive,32.805,Optimize,37.33
119,Cost pressure,Adaptive,32.805,Balanced,28.72,Adaptive,32.805,Optimize,37.33
120,Expansion,Adaptive,83.25,Balanced,88.035,Adaptive,83.25,Staged Pilot,74.6
121,System shock,Adaptive,11.865,Balanced,-6.455,Adaptive,11.865,Optimize,-20.75
122,Baseline,Adaptive,54.138,Balanced,54.004,Adaptive,54.138,Staged Pilot,50.682
123,System shock,Adaptive,11.865,Balanced,-6.455,Adaptive,11.865,Optimize,-20.75
124,Baseline,Adaptive,54.138,Balanced,54.004,Adaptive,54.138,Staged Pilot,50.682
125,Expansion,Adaptive,83.25,Balanced,88.035,Adaptive,83.25,Staged Pilot,74.6
126,Baseline,Adaptive,54.138,Balanced,54.004,Adaptive,54.138,Staged Pilot,50.682
127,Expansion,Adaptive,83.25,Balanced,88.035,Adaptive,83.25,Staged Pilot,74.6
128,Institutional constraint,Adaptive,26.035,Balanced,17.4525,Adaptive,26.035,Optimize,16.215
129,System shock,Adaptive,11.865,Balanced,-6.455,Adaptive,11.865,Optimize,-20.75
130,System shock,Adaptive,11.865,Balanced,-6.455,Adaptive,11.865,Optimize,-20.75
131,Baseline,Adaptive,54.138,Balanced,54.004,Adaptive,54.138,Staged Pilot,50.682
132,Expansion,Adaptive,83.25,Balanced,88.035,Adaptive,83.25,Staged Pilot,74.6
133,System shock,Adaptive,11.865,Balanced,-6.455,Adaptive,11.865,Optimize,-20.75
134,Institutional constraint,Adaptive,26.035,Balanced,17.4525,Adaptive,26.035,Optimize,16.215
135,Expansion,Adaptive,83.25,Balanced,88.035,Adaptive,83.25,Staged Pilot,74.6
136,Baseline,Adaptive,54.138,Balanced,54.004,Adaptive,54.138,Staged Pilot,50.682
137,Expansion,Adaptive,83.25,Balanced,88.035,Adaptive,83.25,Staged Pilot,74.6
138,System shock,Adaptive,11.865,Balanced,-6.455,Adaptive,11.865,Optimize,-20.75
139,System shock,Adaptive,11.865,Balanced,-6.455,Adaptive,11.865,Optimize,-20.75
140,Expansion,Adaptive,83.25,Balanced,88.035,Adaptive,83.25,Staged Pilot,74.6
141,Baseline,Adaptive,54.138,Balanced,54.004,Adaptive,54.138,Staged Pilot,50.682
142,Baseline,Adaptive,54.138,Balanced,54.004,Adaptive,54.138,Staged Pilot,50.682
143,Baseline,Adaptive,54.138,Balanced,54.004,Adaptive,54.138,Staged Pilot,50.682
144,System shock,Adaptive,11.865,Balanced,-6.455,Adaptive,11.865,Optimize,-20.75
145,Baseline,Adaptive,54.138,Balanced,54.004,Adaptive,54.138,Staged Pilot,50.682
146,Expansion,Adaptive,83.25,Balanced,88.035,Adaptive,83.25,Staged Pilot,74.6
147,Baseline,Adaptive,54.138,Balanced,54.004,Adaptive,54.138,Staged Pilot,50.682
148,Cost pressure,Adaptive,32.805,Balanced,28.72,Adaptive,32.805,Optimize,37.33
149,Expansion,Adaptive,83.25,Balanced,88.035,Adaptive,83.25,Staged Pilot,74.6
150,Baseline,Adaptive,54.138,Balanced,54.004,Adaptive,54.138,Staged Pilot,50.682
151,Institutional constraint,Adaptive,26.035,Balanced,17.4525,Adaptive,26.035,Optimize,16.215
152,Cost pressure,Adaptive,32.805,Balanced,28.72,Adaptive,32.805,Optimize,37.33
153,Baseline,Adaptive,54.138,Balanced,54.004,Adaptive,54.138,Staged Pilot,50.682
154,Baseline,Adaptive,54.138,Balanced,54.004,Adaptive,54.138,Staged Pilot,50.682
155,Expansion,Adaptive,83.25,Balanced,88.035,Adaptive,83.25,Staged Pilot,74.6
156,Baseline,Adaptive,54.138,Balanced,54.004,Adaptive,54.138,Staged Pilot,50.682
157,Baseline,Adaptive,54.138,Balanced,54.004,Adaptive,54.138,Staged Pilot,50.682
158,Cost pressure,Adaptive,32.805,Balanced,28.72,Adaptive,32.805,Optimize,37.33
159,Baseline,Adaptive,54.138,Balanced,54.004,Adaptive,54.138,Staged Pilot,50.682
160,Baseline,Adaptive,54.138,Balanced,54.004,Adaptive,54.138,Staged Pilot,50.682
161,Expansion,Adaptive,83.25,Balanced,88.035,Adaptive,83.25,Staged Pilot,74.6
162,Cost pressure,Adaptive,32.805,Balanced,28.72,Adaptive,32.805,Optimize,37.33
163,Baseline,Adaptive,54.138,Balanced,54.004,Adaptive,54.138,Staged Pilot,50.682
164,Institutional constraint,Adaptive,26.035,Balanced,17.4525,Adaptive,26.035,Optimize,16.215
165,System shock,Adaptive,11.865,Balanced,-6.455,Adaptive,11.865,Optimize,-20.75
166,Expansion,Adaptive,83.25,Balanced,88.035,Adaptive,83.25,Staged Pilot,74.6
167,Baseline,Adaptive,54.138,Balanced,54.004,Adaptive,54.138,Staged Pilot,50.682
168,Cost pressure,Adaptive,32.805,Balanced,28.72,Adaptive,32.805,Optimize,37.33
169,Expansion,Adaptive,83.25,Balanced,88.035,Adaptive,83.25,Staged Pilot,74.6
170,Expansion,Adaptive,83.25,Balanced,88.035,Adaptive,83.25,Staged Pilot,74.6
171,Institutional constraint,Adaptive,26.035,Balanced,17.4525,Adaptive,26.035,Optimize,16.215
172,Cost pressure,Adaptive,32.805,Balanced,28.72,Adaptive,32.805,Optimize,37.33
173,Baseline,Adaptive,54.138,Balanced,54.004,Adaptive,54.138,Staged Pilot,50.682
174,System shock,Adaptive,11.865,Balanced,-6.455,Adaptive,11.865,Optimize,-20.75
175,System shock,Adaptive,11.865,Balanced,-6.455,Adaptive,11.865,Optimize,-20.75
176,Expansion,Adaptive,83.25,Balanced,88.035,Adaptive,83.25,Staged Pilot,74.6
177,Expansion,Adaptive,83.25,Balanced,88.035,Adaptive,83.25,Staged Pilot,74.6
178,Baseline,Adaptive,54.138,Balanced,54.004,Adaptive,54.138,Staged Pilot,50.682
179,Baseline,Adaptive,54.138,Balanced,54.004,Adaptive,54.138,Staged Pilot,50.682
180,Baseline,Adaptive,54.138,Balanced,54.004,Adaptive,54.138,Staged Pilot,50.682
181,Cost pressure,Adaptive,32.805,Balanced,28.72,Adaptive,32.805,Optimize,37.33
182,Cost pressure,Adaptive,32.805,Balanced,28.72,Adaptive,32.805,Optimize,37.33
183,Institutional constraint,Adaptive,26.035,Balanced,17.4525,Adaptive,26.035,Optimize,16.215
184,Expansion,Adaptive,83.25,Balanced,88.035,Adaptive,83.25,Staged Pilot,74.6
185,Baseline,Adaptive,54.138,Balanced,54.004,Adaptive,54.138,Staged Pilot,50.682
186,Baseline,Adaptive,54.138,Balanced,54.004,Adaptive,54.138,Staged Pilot,50.682
187,System shock,Adaptive,11.865,Balanced,-6.455,Adaptive,11.865,Optimize,-20.75
188,Baseline,Adaptive,54.138,Balanced,54.004,Adaptive,54.138,Staged Pilot,50.682
189,Expansion,Adaptive,83.25,Balanced,88.035,Adaptive,83.25,Staged Pilot,74.6
190,Baseline,Adaptive,54.138,Balanced,54.004,Adaptive,54.138,Staged Pilot,50.682
191,Baseline,Adaptive,54.138,Balanced,54.004,Adaptive,54.138,Staged Pilot,50.682
192,Baseline,Adaptive,54.138,Balanced,54.004,Adaptive,54.138,Staged Pilot,50.682
193,Baseline,Adaptive,54.138,Balanced,54.004,Adaptive,54.138,Staged Pilot,50.682
194,Institutional constraint,Adaptive,26.035,Balanced,17.4525,Adaptive,26.035,Optimize,16.215
195,Baseline,Adaptive,54.138,Balanced,54.004,Adaptive,54.138,Staged Pilot,50.682
196,System shock,Adaptive,11.865,Balanced,-6.455,Adaptive,11.865,Optimize,-20.75
197,Baseline,Adaptive,54.138,Balanced,54.004,Adaptive,54.138,Staged Pilot,50.682
198,Expansion,Adaptive,83.25,Balanced,88.035,Adaptive,83.25,Staged Pilot,74.6
199,Institutional constraint,Adaptive,26.035,Balanced,17.4525,Adaptive,26.035,Optimize,16.215
200,System shock,Adaptive,11.865,Balanced,-6.455,Adaptive,11.865,Optimize,-20.75
201,Institutional constraint,Adaptive,26.035,Balanced,17.4525,Adaptive,26.035,Optimize,16.215
202,Institutional constraint,Adaptive,26.035,Balanced,17.4525,Adaptive,26.035,Optimize,16.215
203,System shock,Adaptive,11.865,Balanced,-6.455,Adaptive,11.865,Optimize,-20.75
204,Expansion,Adaptive,83.25,Balanced,88.035,Adaptive,83.25,Staged Pilot,74.6
205,Baseline,Adaptive,54.138,Balanced,54.004,Adaptive,54.138,Staged Pilot,50.682
206,Expansion,Adaptive,83.25,Balanced,88.035,Adaptive,83.25,Staged Pilot,74.6
207,Baseline,Adaptive,54.138,Balanced,54.004,Adaptive,54.138,Staged Pilot,50.682
208,Expansion,Adaptive,83.25,Balanced,88.035,Adaptive,83.25,Staged Pilot,74.6
209,Baseline,Adaptive,54.138,Balanced,54.004,Adaptive,54.138,Staged Pilot,50.682
210,Institutional constraint,Adaptive,26.035,Balanced,17.4525,Adaptive,26.035,Optimize,16.215
211,Baseline,Adaptive,54.138,Balanced,54.004,Adaptive,54.138,Staged Pilot,50.682
212,System shock,Adaptive,11.865,Balanced,-6.455,Adaptive,11.865,Optimize,-20.75
213,Baseline,Adaptive,54.138,Balanced,54.004,Adaptive,54.138,Staged Pilot,50.682
214,Baseline,Adaptive,54.138,Balanced,54.004,Adaptive,54.138,Staged Pilot,50.682
215,Institutional constraint,Adaptive,26.035,Balanced,17.4525,Adaptive,26.035,Optimize,16.215
216,Institutional constraint,Adaptive,26.035,Balanced,17.4525,Adaptive,26.035,Optimize,16.215
217,Baseline,Adaptive,54.138,Balanced,54.004,Adaptive,54.138,Staged Pilot,50.682
218,Cost pressure,Adaptive,32.805,Balanced,28.72,Adaptive,32.805,Optimize,37.33
219,Expansion,Adaptive,83.25,Balanced,88.035,Adaptive,83.25,Staged Pilot,74.6
220,Baseline,Adaptive,54.138,Balanced,54.004,Adaptive,54.138,Staged Pilot,50.682
221,Institutional constraint,Adaptive,26.035,Balanced,17.4525,Adaptive,26.035,Optimize,16.215
222,Cost pressure,Adaptive,32.805,Balanced,28.72,Adaptive,32.805,Optimize,37.33
223,Baseline,Adaptive,54.138,Balanced,54.004,Adaptive,54.138,Staged Pilot,50.682
224,System shock,Adaptive,11.865,Balanced,-6.455,Adaptive,11.865,Optimize,-20.75
225,Expansion,Adaptive,83.25,Balanced,88.035,Adaptive,83.25,Staged Pilot,74.6
226,Cost pressure,Adaptive,32.805,Balanced,28.72,Adaptive,32.805,Optimize,37.33
227,Baseline,Adaptive,54.138,Balanced,54.004,Adaptive,54.138,Staged Pilot,50.682
228,System shock,Adaptive,11.865,Balanced,-6.455,Adaptive,11.865,Optimize,-20.75
229,Expansion,Adaptive,83.25,Balanced,88.035,Adaptive,83.25,Staged Pilot,74.6
230,Institutional constraint,Adaptive,26.035,Balanced,17.4525,Adaptive,26.035,Optimize,16.215
231,Expansion,Adaptive,83.25,Balanced,88.035,Adaptive,83.25,Staged Pilot,74.6
232,Expansion,Adaptive,83.25,Balanced,88.035,Adaptive,83.25,Staged Pilot,74.6
233,Cost pressure,Adaptive,32.805,Balanced,28.72,Adaptive,32.805,Optimize,37.33
234,Cost pressure,Adaptive,32.805,Balanced,28.72,Adaptive,32.805,Optimize,37.33
235,Baseline,Adaptive,54.138,Balanced,54.004,Adaptive,54.138,Staged Pilot,50.682
236,Expansion,Adaptive,83.25,Balanced,88.035,Adaptive,83.25,Staged Pilot,74.6
237,System shock,Adaptive,11.865,Balanced,-6.455,Adaptive,11.865,Optimize,-20.75
238,Baseline,Adaptive,54.138,Balanced,54.004,Adaptive,54.138,Staged Pilot,50.682
239,Cost pressure,Adaptive,32.805,Balanced,28.72,Adaptive,32.805,Optimize,37.33
240,Cost pressure,Adaptive,32.805,Balanced,28.72,Adaptive,32.805,Optimize,37.33
241,Baseline,Adaptive,54.138,Balanced,54.004,Adaptive,54.138,Staged Pilot,50.682
242,Cost pressure,Adaptive,32.805,Balanced,28.72,Adaptive,32.805,Optimize,37.33
243,Baseline,Adaptive,54.138,Balanced,54.004,Adaptive,54.138,Staged Pilot,50.682
244,Institutional constraint,Adaptive,26.035,Balanced,17.4525,Adaptive,26.035,Optimize,16.215
245,Expansion,Adaptive,83.25,Balanced,88.035,Adaptive,83.25,Staged Pilot,74.6
246,Cost pressure,Adaptive,32.805,Balanced,28.72,Adaptive,32.805,Optimize,37.33
247,Baseline,Adaptive,54.138,Balanced,54.004,Adaptive,54.138,Staged Pilot,50.682
248,Baseline,Adaptive,54.138,Balanced,54.004,Adaptive,54.138,Staged Pilot,50.682
249,Cost pressure,Adaptive,32.805,Balanced,28.72,Adaptive,32.805,Optimize,37.33
250,Baseline,Adaptive,54.138,Balanced,54.004,Adaptive,54.138,Staged Pilot,50.682
251,Baseline,Adaptive,54.138,Balanced,54.004,Adaptive,54.138,Staged Pilot,50.682
252,System shock,Adaptive,11.865,Balanced,-6.455,Adaptive,11.865,Optimize,-20.75
253,Expansion,Adaptive,83.25,Balanced,88.035,Adaptive,83.25,Staged Pilot,74.6
254,Baseline,Adaptive,54.138,Balanced,54.004,Adaptive,54.138,Staged Pilot,50.682
255,Institutional constraint,Adaptive,26.035,Balanced,17.4525,Adaptive,26.035,Optimize,16.215
256,Institutional constraint,Adaptive,26.035,Balanced,17.4525,Adaptive,26.035,Optimize,16.215
257,Expansion,Adaptive,83.25,Balanced,88.035,Adaptive,83.25,Staged Pilot,74.6
258,Expansion,Adaptive,83.25,Balanced,88.035,Adaptive,83.25,Staged Pilot,74.6
259,Baseline,Adaptive,54.138,Balanced,54.004,Adaptive,54.138,Staged Pilot,50.682
260,Institutional constraint,Adaptive,26.035,Balanced,17.4525,Adaptive,26.035,Optimize,16.215
261,System shock,Adaptive,11.865,Balanced,-6.455,Adaptive,11.865,Optimize,-20.75
262,System shock,Adaptive,11.865,Balanced,-6.455,Adaptive,11.865,Optimize,-20.75
263,Baseline,Adaptive,54.138,Balanced,54.004,Adaptive,54.138,Staged Pilot,50.682
264,Expansion,Adaptive,83.25,Balanced,88.035,Adaptive,83.25,Staged Pilot,74.6
265,System shock,Adaptive,11.865,Balanced,-6.455,Adaptive,11.865,Optimize,-20.75
266,Cost pressure,Adaptive,32.805,Balanced,28.72,Adaptive,32.805,Optimize,37.33
267,Cost pressure,Adaptive,32.805,Balanced,28.72,Adaptive,32.805,Optimize,37.33
268,Institutional constraint,Adaptive,26.035,Balanced,17.4525,Adaptive,26.035,Optimize,16.215
269,Cost pressure,Adaptive,32.805,Balanced,28.72,Adaptive,32.805,Optimize,37.33
270,Expansion,Adaptive,83.25,Balanced,88.035,Adaptive,83.25,Staged Pilot,74.6
271,System shock,Adaptive,11.865,Balanced,-6.455,Adaptive,11.865,Optimize,-20.75
272,Baseline,Adaptive,54.138,Balanced,54.004,Adaptive,54.138,Staged Pilot,50.682
273,Cost pressure,Adaptive,32.805,Balanced,28.72,Adaptive,32.805,Optimize,37.33
274,Institutional constraint,Adaptive,26.035,Balanced,17.4525,Adaptive,26.035,Optimize,16.215
275,Expansion,Adaptive,83.25,Balanced,88.035,Adaptive,83.25,Staged Pilot,74.6
276,Expansion,Adaptive,83.25,Balanced,88.035,Adaptive,83.25,Staged Pilot,74.6
277,Expansion,Adaptive,83.25,Balanced,88.035,Adaptive,83.25,Staged Pilot,74.6
278,Baseline,Adaptive,54.138,Balanced,54.004,Adaptive,54.138,Staged Pilot,50.682
279,Baseline,Adaptive,54.138,Balanced,54.004,Adaptive,54.138,Staged Pilot,50.682
280,Cost pressure,Adaptive,32.805,Balanced,28.72,Adaptive,32.805,Optimize,37.33
281,Cost pressure,Adaptive,32.805,Balanced,28.72,Adaptive,32.805,Optimize,37.33
282,Expansion,Adaptive,83.25,Balanced,88.035,Adaptive,83.25,Staged Pilot,74.6
283,Cost pressure,Adaptive,32.805,Balanced,28.72,Adaptive,32.805,Optimize,37.33
284,Baseline,Adaptive,54.138,Balanced,54.004,Adaptive,54.138,Staged Pilot,50.682
285,Baseline,Adaptive,54.138,Balanced,54.004,Adaptive,54.138,Staged Pilot,50.682
286,Institutional constraint,Adaptive,26.035,Balanced,17.4525,Adaptive,26.035,Optimize,16.215
287,System shock,Adaptive,11.865,Balanced,-6.455,Adaptive,11.865,Optimize,-20.75
288,Expansion,Adaptive,83.25,Balanced,88.035,Adaptive,83.25,Staged Pilot,74.6
289,Baseline,Adaptive,54.138,Balanced,54.004,Adaptive,54.138,Staged Pilot,50.682
290,Baseline,Adaptive,54.138,Balanced,54.004,Adaptive,54.138,Staged Pilot,50.682
291,Expansion,Adaptive,83.25,Balanced,88.035,Adaptive,83.25,Staged Pilot,74.6
292,System shock,Adaptive,11.865,Balanced,-6.455,Adaptive,11.865,Optimize,-20.75
293,Cost pressure,Adaptive,32.805,Balanced,28.72,Adaptive,32.805,Optimize,37.33
294,Baseline,Adaptive,54.138,Balanced,54.004,Adaptive,54.138,Staged Pilot,50.682
295,System shock,Adaptive,11.865,Balanced,-6.455,Adaptive,11.865,Optimize,-20.75
296,Baseline,Adaptive,54.138,Balanced,54.004,Adaptive,54.138,Staged Pilot,50.682
297,Baseline,Adaptive,54.138,Balanced,54.004,Adaptive,54.138,Staged Pilot,50.682
298,Expansion,Adaptive,83.25,Balanced,88.035,Adaptive,83.25,Staged Pilot,74.6
299,Expansion,Adaptive,83.25,Balanced,88.035,Adaptive,83.25,Staged Pilot,74.6
300,System shock,Adaptive,11.865,Balanced,-6.455,Adaptive,11.865,Optimize,-20.75
301,Institutional constraint,Adaptive,26.035,Balanced,17.4525,Adaptive,26.035,Optimize,16.215
302,Baseline,Adaptive,54.138,Balanced,54.004,Adaptive,54.138,Staged Pilot,50.682
303,System shock,Adaptive,11.865,Balanced,-6.455,Adaptive,11.865,Optimize,-20.75
304,Cost pressure,Adaptive,32.805,Balanced,28.72,Adaptive,32.805,Optimize,37.33
305,Expansion,Adaptive,83.25,Balanced,88.035,Adaptive,83.25,Staged Pilot,74.6
306,Expansion,Adaptive,83.25,Balanced,88.035,Adaptive,83.25,Staged Pilot,74.6
307,Baseline,Adaptive,54.138,Balanced,54.004,Adaptive,54.138,Staged Pilot,50.682
308,System shock,Adaptive,11.865,Balanced,-6.455,Adaptive,11.865,Optimize,-20.75
309,System shock,Adaptive,11.865,Balanced,-6.455,Adaptive,11.865,Optimize,-20.75
310,System shock,Adaptive,11.865,Balanced,-6.455,Adaptive,11.865,Optimize,-20.75
311,System shock,Adaptive,11.865,Balanced,-6.455,Adaptive,11.865,Optimize,-20.75
312,Expansion,Adaptive,83.25,Balanced,88.035,Adaptive,83.25,Staged Pilot,74.6
313,Baseline,Adaptive,54.138,Balanced,54.004,Adaptive,54.138,Staged Pilot,50.682
314,Expansion,Adaptive,83.25,Balanced,88.035,Adaptive,83.25,Staged Pilot,74.6
315,System shock,Adaptive,11.865,Balanced,-6.455,Adaptive,11.865,Optimize,-20.75
316,System shock,Adaptive,11.865,Balanced,-6.455,Adaptive,11.865,Optimize,-20.75
317,Baseline,Adaptive,54.138,Balanced,54.004,Adaptive,54.138,Staged Pilot,50.682
318,Cost pressure,Adaptive,32.805,Balanced,28.72,Adaptive,32.805,Optimize,37.33
319,Expansion,Adaptive,83.25,Balanced,88.035,Adaptive,83.25,Staged Pilot,74.6
320,Institutional constraint,Adaptive,26.035,Balanced,17.4525,Adaptive,26.035,Optimize,16.215
321,System shock,Adaptive,11.865,Balanced,-6.455,Adaptive,11.865,Optimize,-20.75
322,Institutional constraint,Adaptive,26.035,Balanced,17.4525,Adaptive,26.035,Optimize,16.215
323,System shock,Adaptive,11.865,Balanced,-6.455,Adaptive,11.865,Optimize,-20.75
324,System shock,Adaptive,11.865,Balanced,-6.455,Adaptive,11.865,Optimize,-20.75
325,Expansion,Adaptive,83.25,Balanced,88.035,Adaptive,83.25,Staged Pilot,74.6
326,Cost pressure,Adaptive,32.805,Balanced,28.72,Adaptive,32.805,Optimize,37.33
327,Baseline,Adaptive,54.138,Balanced,54.004,Adaptive,54.138,Staged Pilot,50.682
328,Institutional constraint,Adaptive,26.035,Balanced,17.4525,Adaptive,26.035,Optimize,16.215
329,System shock,Adaptive,11.865,Balanced,-6.455,Adaptive,11.865,Optimize,-20.75
330,System shock,Adaptive,11.865,Balanced,-6.455,Adaptive,11.865,Optimize,-20.75
331,System shock,Adaptive,11.865,Balanced,-6.455,Adaptive,11.865,Optimize,-20.75
332,Baseline,Adaptive,54.138,Balanced,54.004,Adaptive,54.138,Staged Pilot,50.682
333,System shock,Adaptive,11.865,Balanced,-6.455,Adaptive,11.865,Optimize,-20.75
334,Expansion,Adaptive,83.25,Balanced,88.035,Adaptive,83.25,Staged Pilot,74.6
335,System shock,Adaptive,11.865,Balanced,-6.455,Adaptive,11.865,Optimize,-20.75
336,System shock,Adaptive,11.865,Balanced,-6.455,Adaptive,11.865,Optimize,-20.75
337,Baseline,Adaptive,54.138,Balanced,54.004,Adaptive,54.138,Staged Pilot,50.682
338,System shock,Adaptive,11.865,Balanced,-6.455,Adaptive,11.865,Optimize,-20.75
339,Baseline,Adaptive,54.138,Balanced,54.004,Adaptive,54.138,Staged Pilot,50.682
340,Baseline,Adaptive,54.138,Balanced,54.004,Adaptive,54.138,Staged Pilot,50.682
341,System shock,Adaptive,11.865,Balanced,-6.455,Adaptive,11.865,Optimize,-20.75
342,Baseline,Adaptive,54.138,Balanced,54.004,Adaptive,54.138,Staged Pilot,50.682
343,Expansion,Adaptive,83.25,Balanced,88.035,Adaptive,83.25,Staged Pilot,74.6
344,Expansion,Adaptive,83.25,Balanced,88.035,Adaptive,83.25,Staged Pilot,74.6
345,Baseline,Adaptive,54.138,Balanced,54.004,Adaptive,54.138,Staged Pilot,50.682
346,System shock,Adaptive,11.865,Balanced,-6.455,Adaptive,11.865,Optimize,-20.75
347,Institutional constraint,Adaptive,26.035,Balanced,17.4525,Adaptive,26.035,Optimize,16.215
348,Baseline,Adaptive,54.138,Balanced,54.004,Adaptive,54.138,Staged Pilot,50.682
349,Cost pressure,Adaptive,32.805,Balanced,28.72,Adaptive,32.805,Optimize,37.33
350,Baseline,Adaptive,54.138,Balanced,54.004,Adaptive,54.138,Staged Pilot,50.682
351,Institutional constraint,Adaptive,26.035,Balanced,17.4525,Adaptive,26.035,Optimize,16.215
352,Baseline,Adaptive,54.138,Balanced,54.004,Adaptive,54.138,Staged Pilot,50.682
353,Institutional constraint,Adaptive,26.035,Balanced,17.4525,Adaptive,26.035,Optimize,16.215
354,Expansion,Adaptive,83.25,Balanced,88.035,Adaptive,83.25,Staged Pilot,74.6
355,Institutional constraint,Adaptive,26.035,Balanced,17.4525,Adaptive,26.035,Optimize,16.215
356,Expansion,Adaptive,83.25,Balanced,88.035,Adaptive,83.25,Staged Pilot,74.6
357,Institutional constraint,Adaptive,26.035,Balanced,17.4525,Adaptive,26.035,Optimize,16.215
358,Baseline,Adaptive,54.138,Balanced,54.004,Adaptive,54.138,Staged Pilot,50.682
359,Expansion,Adaptive,83.25,Balanced,88.035,Adaptive,83.25,Staged Pilot,74.6
360,Baseline,Adaptive,54.138,Balanced,54.004,Adaptive,54.138,Staged Pilot,50.682
361,Cost pressure,Adaptive,32.805,Balanced,28.72,Adaptive,32.805,Optimize,37.33
362,Baseline,Adaptive,54.138,Balanced,54.004,Adaptive,54.138,Staged Pilot,50.682
363,Cost pressure,Adaptive,32.805,Balanced,28.72,Adaptive,32.805,Optimize,37.33
364,Baseline,Adaptive,54.138,Balanced,54.004,Adaptive,54.138,Staged Pilot,50.682
365,Baseline,Adaptive,54.138,Balanced,54.004,Adaptive,54.138,Staged Pilot,50.682
366,Cost pressure,Adaptive,32.805,Balanced,28.72,Adaptive,32.805,Optimize,37.33
367,Baseline,Adaptive,54.138,Balanced,54.004,Adaptive,54.138,Staged Pilot,50.682
368,Cost pressure,Adaptive,32.805,Balanced,28.72,Adaptive,32.805,Optimize,37.33
369,Expansion,Adaptive,83.25,Balanced,88.035,Adaptive,83.25,Staged Pilot,74.6
370,Institutional constraint,Adaptive,26.035,Balanced,17.4525,Adaptive,26.035,Optimize,16.215
371,Baseline,Adaptive,54.138,Balanced,54.004,Adaptive,54.138,Staged Pilot,50.682
372,Cost pressure,Adaptive,32.805,Balanced,28.72,Adaptive,32.805,Optimize,37.33
373,System shock,Adaptive,11.865,Balanced,-6.455,Adaptive,11.865,Optimize,-20.75
374,Cost pressure,Adaptive,32.805,Balanced,28.72,Adaptive,32.805,Optimize,37.33
375,Baseline,Adaptive,54.138,Balanced,54.004,Adaptive,54.138,Staged Pilot,50.682
376,Expansion,Adaptive,83.25,Balanced,88.035,Adaptive,83.25,Staged Pilot,74.6
377,Cost pressure,Adaptive,32.805,Balanced,28.72,Adaptive,32.805,Optimize,37.33
378,Baseline,Adaptive,54.138,Balanced,54.004,Adaptive,54.138,Staged Pilot,50.682
379,Baseline,Adaptive,54.138,Balanced,54.004,Adaptive,54.138,Staged Pilot,50.682
380,System shock,Adaptive,11.865,Balanced,-6.455,Adaptive,11.865,Optimize,-20.75
381,Cost pressure,Adaptive,32.805,Balanced,28.72,Adaptive,32.805,Optimize,37.33
382,Baseline,Adaptive,54.138,Balanced,54.004,Adaptive,54.138,Staged Pilot,50.682
383,Baseline,Adaptive,54.138,Balanced,54.004,Adaptive,54.138,Staged Pilot,50.682
384,Baseline,Adaptive,54.138,Balanced,54.004,Adaptive,54.138,Staged Pilot,50.682
385,Baseline,Adaptive,54.138,Balanced,54.004,Adaptive,54.138,Staged Pilot,50.682
386,Baseline,Adaptive,54.138,Balanced,54.004,Adaptive,54.138,Staged Pilot,50.682
387,Expansion,Adaptive,83.25,Balanced,88.035,Adaptive,83.25,Staged Pilot,74.6
388,Baseline,Adaptive,54.138,Balanced,54.004,Adaptive,54.138,Staged Pilot,50.682
389,Institutional constraint,Adaptive,26.035,Balanced,17.4525,Adaptive,26.035,Optimize,16.215
390,Cost pressure,Adaptive,32.805,Balanced,28.72,Adaptive,32.805,Optimize,37.33
391,Institutional constraint,Adaptive,26.035,Balanced,17.4525,Adaptive,26.035,Optimize,16.215
392,Cost pressure,Adaptive,32.805,Balanced,28.72,Adaptive,32.805,Optimize,37.33
393,Baseline,Adaptive,54.138,Balanced,54.004,Adaptive,54.138,Staged Pilot,50.682
394,Baseline,Adaptive,54.138,Balanced,54.004,Adaptive,54.138,Staged Pilot,50.682
395,Expansion,Adaptive,83.25,Balanced,88.035,Adaptive,83.25,Staged Pilot,74.6
396,Baseline,Adaptive,54.138,Balanced,54.004,Adaptive,54.138,Staged Pilot,50.682
397,Baseline,Adaptive,54.138,Balanced,54.004,Adaptive,54.138,Staged Pilot,50.682
398,Cost pressure,Adaptive,32.805,Balanced,28.72,Adaptive,32.805,Optimize,37.33
399,Cost pressure,Adaptive,32.805,Balanced,28.72,Adaptive,32.805,Optimize,37.33
400,Baseline,Adaptive,54.138,Balanced,54.004,Adaptive,54.138,Staged Pilot,50.682
401,Baseline,Adaptive,54.138,Balanced,54.004,Adaptive,54.138,Staged Pilot,50.682
402,Expansion,Adaptive,83.25,Balanced,88.035,Adaptive,83.25,Staged Pilot,74.6
403,Baseline,Adaptive,54.138,Balanced,54.004,Adaptive,54.138,Staged Pilot,50.682
404,Institutional constraint,Adaptive,26.035,Balanced,17.4525,Adaptive,26.035,Optimize,16.215
405,System shock,Adaptive,11.865,Balanced,-6.455,Adaptive,11.865,Optimize,-20.75
406,Expansion,Adaptive,83.25,Balanced,88.035,Adaptive,83.25,Staged Pilot,74.6
407,Expansion,Adaptive,83.25,Balanced,88.035,Adaptive,83.25,Staged Pilot,74.6
408,Baseline,Adaptive,54.138,Balanced,54.004,Adaptive,54.138,Staged Pilot,50.682
409,Cost pressure,Adaptive,32.805,Balanced,28.72,Adaptive,32.805,Optimize,37.33
410,Baseline,Adaptive,54.138,Balanced,54.004,Adaptive,54.138,Staged Pilot,50.682
411,System shock,Adaptive,11.865,Balanced,-6.455,Adaptive,11.865,Optimize,-20.75
412,System shock,Adaptive,11.865,Balanced,-6.455,Adaptive,11.865,Optimize,-20.75
413,Cost pressure,Adaptive,32.805,Balanced,28.72,Adaptive,32.805,Optimize,37.33
414,Baseline,Adaptive,54.138,Balanced,54.004,Adaptive,54.138,Staged Pilot,50.682
415,Expansion,Adaptive,83.25,Balanced,88.035,Adaptive,83.25,Staged Pilot,74.6
416,Expansion,Adaptive,83.25,Balanced,88.035,Adaptive,83.25,Staged Pilot,74.6
417,Baseline,Adaptive,54.138,Balanced,54.004,Adaptive,54.138,Staged Pilot,50.682
418,Baseline,Adaptive,54.138,Balanced,54.004,Adaptive,54.138,Staged Pilot,50.682
419,System shock,Adaptive,11.865,Balanced,-6.455,Adaptive,11.865,Optimize,-20.75
420,Expansion,Adaptive,83.25,Balanced,88.035,Adaptive,83.25,Staged Pilot,74.6
421,Baseline,Adaptive,54.138,Balanced,54.004,Adaptive,54.138,Staged Pilot,50.682
422,Cost pressure,Adaptive,32.805,Balanced,28.72,Adaptive,32.805,Optimize,37.33
423,Expansion,Adaptive,83.25,Balanced,88.035,Adaptive,83.25,Staged Pilot,74.6
424,Cost pressure,Adaptive,32.805,Balanced,28.72,Adaptive,32.805,Optimize,37.33
425,Baseline,Adaptive,54.138,Balanced,54.004,Adaptive,54.138,Staged Pilot,50.682
426,Baseline,Adaptive,54.138,Balanced,54.004,Adaptive,54.138,Staged Pilot,50.682
427,Cost pressure,Adaptive,32.805,Balanced,28.72,Adaptive,32.805,Optimize,37.33
428,Expansion,Adaptive,83.25,Balanced,88.035,Adaptive,83.25,Staged Pilot,74.6
429,System shock,Adaptive,11.865,Balanced,-6.455,Adaptive,11.865,Optimize,-20.75
430,System shock,Adaptive,11.865,Balanced,-6.455,Adaptive,11.865,Optimize,-20.75
431,Expansion,Adaptive,83.25,Balanced,88.035,Adaptive,83.25,Staged Pilot,74.6
432,Baseline,Adaptive,54.138,Balanced,54.004,Adaptive,54.138,Staged Pilot,50.682
433,Expansion,Adaptive,83.25,Balanced,88.035,Adaptive,83.25,Staged Pilot,74.6
434,Institutional constraint,Adaptive,26.035,Balanced,17.4525,Adaptive,26.035,Optimize,16.215
435,Baseline,Adaptive,54.138,Balanced,54.004,Adaptive,54.138,Staged Pilot,50.682
436,Expansion,Adaptive,83.25,Balanced,88.035,Adaptive,83.25,Staged Pilot,74.6
437,Baseline,Adaptive,54.138,Balanced,54.004,Adaptive,54.138,Staged Pilot,50.682
438,System shock,Adaptive,11.865,Balanced,-6.455,Adaptive,11.865,Optimize,-20.75
439,Baseline,Adaptive,54.138,Balanced,54.004,Adaptive,54.138,Staged Pilot,50.682
440,System shock,Adaptive,11.865,Balanced,-6.455,Adaptive,11.865,Optimize,-20.75
441,Cost pressure,Adaptive,32.805,Balanced,28.72,Adaptive,32.805,Optimize,37.33
442,Institutional constraint,Adaptive,26.035,Balanced,17.4525,Adaptive,26.035,Optimize,16.215
443,Cost pressure,Adaptive,32.805,Balanced,28.72,Adaptive,32.805,Optimize,37.33
444,Institutional constraint,Adaptive,26.035,Balanced,17.4525,Adaptive,26.035,Optimize,16.215
445,System shock,Adaptive,11.865,Balanced,-6.455,Adaptive,11.865,Optimize,-20.75
446,Cost pressure,Adaptive,32.805,Balanced,28.72,Adaptive,32.805,Optimize,37.33
447,Cost pressure,Adaptive,32.805,Balanced,28.72,Adaptive,32.805,Optimize,37.33
448,Baseline,Adaptive,54.138,Balanced,54.004,Adaptive,54.138,Staged Pilot,50.682
449,System shock,Adaptive,11.865,Balanced,-6.455,Adaptive,11.865,Optimize,-20.75
450,Baseline,Adaptive,54.138,Balanced,54.004,Adaptive,54.138,Staged Pilot,50.682
451,System shock,Adaptive,11.865,Balanced,-6.455,Adaptive,11.865,Optimize,-20.75
452,System shock,Adaptive,11.865,Balanced,-6.455,Adaptive,11.865,Optimize,-20.75
453,Baseline,Adaptive,54.138,Balanced,54.004,Adaptive,54.138,Staged Pilot,50.682
454,Baseline,Adaptive,54.138,Balanced,54.004,Adaptive,54.138,Staged Pilot,50.682
455,Baseline,Adaptive,54.138,Balanced,54.004,Adaptive,54.138,Staged Pilot,50.682
456,Cost pressure,Adaptive,32.805,Balanced,28.72,Adaptive,32.805,Optimize,37.33
457,System shock,Adaptive,11.865,Balanced,-6.455,Adaptive,11.865,Optimize,-20.75
458,Baseline,Adaptive,54.138,Balanced,54.004,Adaptive,54.138,Staged Pilot,50.682
459,Cost pressure,Adaptive,32.805,Balanced,28.72,Adaptive,32.805,Optimize,37.33
460,Baseline,Adaptive,54.138,Balanced,54.004,Adaptive,54.138,Staged Pilot,50.682
461,Expansion,Adaptive,83.25,Balanced,88.035,Adaptive,83.25,Staged Pilot,74.6
462,Baseline,Adaptive,54.138,Balanced,54.004,Adaptive,54.138,Staged Pilot,50.682
463,Baseline,Adaptive,54.138,Balanced,54.004,Adaptive,54.138,Staged Pilot,50.682
464,Baseline,Adaptive,54.138,Balanced,54.004,Adaptive,54.138,Staged Pilot,50.682
465,Baseline,Adaptive,54.138,Balanced,54.004,Adaptive,54.138,Staged Pilot,50.682
466,Expansion,Adaptive,83.25,Balanced,88.035,Adaptive,83.25,Staged Pilot,74.6
467,Baseline,Adaptive,54.138,Balanced,54.004,Adaptive,54.138,Staged Pilot,50.682
468,Cost pressure,Adaptive,32.805,Balanced,28.72,Adaptive,32.805,Optimize,37.33
469,Cost pressure,Adaptive,32.805,Balanced,28.72,Adaptive,32.805,Optimize,37.33
470,Expansion,Adaptive,83.25,Balanced,88.035,Adaptive,83.25,Staged Pilot,74.6
471,Baseline,Adaptive,54.138,Balanced,54.004,Adaptive,54.138,Staged Pilot,50.682
472,Baseline,Adaptive,54.138,Balanced,54.004,Adaptive,54.138,Staged Pilot,50.682
473,Baseline,Adaptive,54.138,Balanced,54.004,Adaptive,54.138,Staged Pilot,50.682
474,Expansion,Adaptive,83.25,Balanced,88.035,Adaptive,83.25,Staged Pilot,74.6
475,Baseline,Adaptive,54.138,Balanced,54.004,Adaptive,54.138,Staged Pilot,50.682
476,Institutional constraint,Adaptive,26.035,Balanced,17.4525,Adaptive,26.035,Optimize,16.215
477,Cost pressure,Adaptive,32.805,Balanced,28.72,Adaptive,32.805,Optimize,37.33
478,Cost pressure,Adaptive,32.805,Balanced,28.72,Adaptive,32.805,Optimize,37.33
479,System shock,Adaptive,11.865,Balanced,-6.455,Adaptive,11.865,Optimize,-20.75
480,System shock,Adaptive,11.865,Balanced,-6.455,Adaptive,11.865,Optimize,-20.75
481,Baseline,Adaptive,54.138,Balanced,54.004,Adaptive,54.138,Staged Pilot,50.682
482,Expansion,Adaptive,83.25,Balanced,88.035,Adaptive,83.25,Staged Pilot,74.6
483,Baseline,Adaptive,54.138,Balanced,54.004,Adaptive,54.138,Staged Pilot,50.682
484,System shock,Adaptive,11.865,Balanced,-6.455,Adaptive,11.865,Optimize,-20.75
485,System shock,Adaptive,11.865,Balanced,-6.455,Adaptive,11.865,Optimize,-20.75
486,Institutional constraint,Adaptive,26.035,Balanced,17.4525,Adaptive,26.035,Optimize,16.215
487,Baseline,Adaptive,54.138,Balanced,54.004,Adaptive,54.138,Staged Pilot,50.682
488,System shock,Adaptive,11.865,Balanced,-6.455,Adaptive,11.865,Optimize,-20.75
489,Baseline,Adaptive,54.138,Balanced,54.004,Adaptive,54.138,Staged Pilot,50.682
490,Cost pressure,Adaptive,32.805,Balanced,28.72,Adaptive,32.805,Optimize,37.33
491,Baseline,Adaptive,54.138,Balanced,54.004,Adaptive,54.138,Staged Pilot,50.682
492,Expansion,Adaptive,83.25,Balanced,88.035,Adaptive,83.25,Staged Pilot,74.6
493,Baseline,Adaptive,54.138,Balanced,54.004,Adaptive,54.138,Staged Pilot,50.682
494,Expansion,Adaptive,83.25,Balanced,88.035,Adaptive,83.25,Staged Pilot,74.6
495,Baseline,Adaptive,54.138,Balanced,54.004,Adaptive,54.138,Staged Pilot,50.682
496,Cost pressure,Adaptive,32.805,Balanced,28.72,Adaptive,32.805,Optimize,37.33
497,Baseline,Adaptive,54.138,Balanced,54.004,Adaptive,54.138,Staged Pilot,50.682
498,Expansion,Adaptive,83.25,Balanced,88.035,Adaptive,83.25,Staged Pilot,74.6
499,Baseline,Adaptive,54.138,Balanced,54.004,Adaptive,54.138,Staged Pilot,50.682
500,Expansion,Adaptive,83.25,Balanced,88.035,Adaptive,83.25,Staged Pilot,74.6
501,Cost pressure,Adaptive,32.805,Balanced,28.72,Adaptive,32.805,Optimize,37.33
502,Expansion,Adaptive,83.25,Balanced,88.035,Adaptive,83.25,Staged Pilot,74.6
503,Baseline,Adaptive,54.138,Balanced,54.004,Adaptive,54.138,Staged Pilot,50.682
504,Cost pressure,Adaptive,32.805,Balanced,28.72,Adaptive,32.805,Optimize,37.33
505,Expansion,Adaptive,83.25,Balanced,88.035,Adaptive,83.25,Staged Pilot,74.6
506,Cost pressure,Adaptive,32.805,Balanced,28.72,Adaptive,32.805,Optimize,37.33
507,Expansion,Adaptive,83.25,Balanced,88.035,Adaptive,83.25,Staged Pilot,74.6
508,Baseline,Adaptive,54.138,Balanced,54.004,Adaptive,54.138,Staged Pilot,50.682
509,Expansion,Adaptive,83.25,Balanced,88.035,Adaptive,83.25,Staged Pilot,74.6
510,Baseline,Adaptive,54.138,Balanced,54.004,Adaptive,54.138,Staged Pilot,50.682
511,Expansion,Adaptive,83.25,Balanced,88.035,Adaptive,83.25,Staged Pilot,74.6
512,Baseline,Adaptive,54.138,Balanced,54.004,Adaptive,54.138,Staged Pilot,50.682
513,System shock,Adaptive,11.865,Balanced,-6.455,Adaptive,11.865,Optimize,-20.75
514,Baseline,Adaptive,54.138,Balanced,54.004,Adaptive,54.138,Staged Pilot,50.682
515,System shock,Adaptive,11.865,Balanced,-6.455,Adaptive,11.865,Optimize,-20.75
516,System shock,Adaptive,11.865,Balanced,-6.455,Adaptive,11.865,Optimize,-20.75
517,Baseline,Adaptive,54.138,Balanced,54.004,Adaptive,54.138,Staged Pilot,50.682
518,Expansion,Adaptive,83.25,Balanced,88.035,Adaptive,83.25,Staged Pilot,74.6
519,Expansion,Adaptive,83.25,Balanced,88.035,Adaptive,83.25,Staged Pilot,74.6
520,Baseline,Adaptive,54.138,Balanced,54.004,Adaptive,54.138,Staged Pilot,50.682
521,Institutional constraint,Adaptive,26.035,Balanced,17.4525,Adaptive,26.035,Optimize,16.215
522,Baseline,Adaptive,54.138,Balanced,54.004,Adaptive,54.138,Staged Pilot,50.682
523,Cost pressure,Adaptive,32.805,Balanced,28.72,Adaptive,32.805,Optimize,37.33
524,System shock,Adaptive,11.865,Balanced,-6.455,Adaptive,11.865,Optimize,-20.75
525,Cost pressure,Adaptive,32.805,Balanced,28.72,Adaptive,32.805,Optimize,37.33
526,System shock,Adaptive,11.865,Balanced,-6.455,Adaptive,11.865,Optimize,-20.75
527,Institutional constraint,Adaptive,26.035,Balanced,17.4525,Adaptive,26.035,Optimize,16.215
528,Expansion,Adaptive,83.25,Balanced,88.035,Adaptive,83.25,Staged Pilot,74.6
529,Expansion,Adaptive,83.25,Balanced,88.035,Adaptive,83.25,Staged Pilot,74.6
530,Expansion,Adaptive,83.25,Balanced,88.035,Adaptive,83.25,Staged Pilot,74.6
531,Expansion,Adaptive,83.25,Balanced,88.035,Adaptive,83.25,Staged Pilot,74.6
532,Cost pressure,Adaptive,32.805,Balanced,28.72,Adaptive,32.805,Optimize,37.33
533,Cost pressure,Adaptive,32.805,Balanced,28.72,Adaptive,32.805,Optimize,37.33
534,Expansion,Adaptive,83.25,Balanced,88.035,Adaptive,83.25,Staged Pilot,74.6
535,Cost pressure,Adaptive,32.805,Balanced,28.72,Adaptive,32.805,Optimize,37.33
536,System shock,Adaptive,11.865,Balanced,-6.455,Adaptive,11.865,Optimize,-20.75
537,Expansion,Adaptive,83.25,Balanced,88.035,Adaptive,83.25,Staged Pilot,74.6
538,Cost pressure,Adaptive,32.805,Balanced,28.72,Adaptive,32.805,Optimize,37.33
539,System shock,Adaptive,11.865,Balanced,-6.455,Adaptive,11.865,Optimize,-20.75
540,Expansion,Adaptive,83.25,Balanced,88.035,Adaptive,83.25,Staged Pilot,74.6
541,System shock,Adaptive,11.865,Balanced,-6.455,Adaptive,11.865,Optimize,-20.75
542,Institutional constraint,Adaptive,26.035,Balanced,17.4525,Adaptive,26.035,Optimize,16.215
543,Expansion,Adaptive,83.25,Balanced,88.035,Adaptive,83.25,Staged Pilot,74.6
544,Expansion,Adaptive,83.25,Balanced,88.035,Adaptive,83.25,Staged Pilot,74.6
545,Baseline,Adaptive,54.138,Balanced,54.004,Adaptive,54.138,Staged Pilot,50.682
546,Cost pressure,Adaptive,32.805,Balanced,28.72,Adaptive,32.805,Optimize,37.33
547,Institutional constraint,Adaptive,26.035,Balanced,17.4525,Adaptive,26.035,Optimize,16.215
548,Baseline,Adaptive,54.138,Balanced,54.004,Adaptive,54.138,Staged Pilot,50.682
549,Cost pressure,Adaptive,32.805,Balanced,28.72,Adaptive,32.805,Optimize,37.33
550,Expansion,Adaptive,83.25,Balanced,88.035,Adaptive,83.25,Staged Pilot,74.6
551,Cost pressure,Adaptive,32.805,Balanced,28.72,Adaptive,32.805,Optimize,37.33
552,Cost pressure,Adaptive,32.805,Balanced,28.72,Adaptive,32.805,Optimize,37.33
553,Expansion,Adaptive,83.25,Balanced,88.035,Adaptive,83.25,Staged Pilot,74.6
554,System shock,Adaptive,11.865,Balanced,-6.455,Adaptive,11.865,Optimize,-20.75
555,System shock,Adaptive,11.865,Balanced,-6.455,Adaptive,11.865,Optimize,-20.75
556,Cost pressure,Adaptive,32.805,Balanced,28.72,Adaptive,32.805,Optimize,37.33
557,Expansion,Adaptive,83.25,Balanced,88.035,Adaptive,83.25,Staged Pilot,74.6
558,Institutional constraint,Adaptive,26.035,Balanced,17.4525,Adaptive,26.035,Optimize,16.215
559,System shock,Adaptive,11.865,Balanced,-6.455,Adaptive,11.865,Optimize,-20.75
560,Baseline,Adaptive,54.138,Balanced,54.004,Adaptive,54.138,Staged Pilot,50.682
561,Baseline,Adaptive,54.138,Balanced,54.004,Adaptive,54.138,Staged Pilot,50.682
562,Baseline,Adaptive,54.138,Balanced,54.004,Adaptive,54.138,Staged Pilot,50.682
563,Baseline,Adaptive,54.138,Balanced,54.004,Adaptive,54.138,Staged Pilot,50.682
564,Baseline,Adaptive,54.138,Balanced,54.004,Adaptive,54.138,Staged Pilot,50.682
565,System shock,Adaptive,11.865,Balanced,-6.455,Adaptive,11.865,Optimize,-20.75
566,System shock,Adaptive,11.865,Balanced,-6.455,Adaptive,11.865,Optimize,-20.75
567,Expansion,Adaptive,83.25,Balanced,88.035,Adaptive,83.25,Staged Pilot,74.6
568,Institutional constraint,Adaptive,26.035,Balanced,17.4525,Adaptive,26.035,Optimize,16.215
569,Cost pressure,Adaptive,32.805,Balanced,28.72,Adaptive,32.805,Optimize,37.33
570,System shock,Adaptive,11.865,Balanced,-6.455,Adaptive,11.865,Optimize,-20.75
571,Cost pressure,Adaptive,32.805,Balanced,28.72,Adaptive,32.805,Optimize,37.33
572,Baseline,Adaptive,54.138,Balanced,54.004,Adaptive,54.138,Staged Pilot,50.682
573,Cost pressure,Adaptive,32.805,Balanced,28.72,Adaptive,32.805,Optimize,37.33
574,Institutional constraint,Adaptive,26.035,Balanced,17.4525,Adaptive,26.035,Optimize,16.215
575,Baseline,Adaptive,54.138,Balanced,54.004,Adaptive,54.138,Staged Pilot,50.682
576,System shock,Adaptive,11.865,Balanced,-6.455,Adaptive,11.865,Optimize,-20.75
577,Baseline,Adaptive,54.138,Balanced,54.004,Adaptive,54.138,Staged Pilot,50.682
578,Baseline,Adaptive,54.138,Balanced,54.004,Adaptive,54.138,Staged Pilot,50.682
579,Baseline,Adaptive,54.138,Balanced,54.004,Adaptive,54.138,Staged Pilot,50.682
580,Cost pressure,Adaptive,32.805,Balanced,28.72,Adaptive,32.805,Optimize,37.33
581,Baseline,Adaptive,54.138,Balanced,54.004,Adaptive,54.138,Staged Pilot,50.682
582,System shock,Adaptive,11.865,Balanced,-6.455,Adaptive,11.865,Optimize,-20.75
583,System shock,Adaptive,11.865,Balanced,-6.455,Adaptive,11.865,Optimize,-20.75
584,Expansion,Adaptive,83.25,Balanced,88.035,Adaptive,83.25,Staged Pilot,74.6
585,System shock,Adaptive,11.865,Balanced,-6.455,Adaptive,11.865,Optimize,-20.75
586,Baseline,Adaptive,54.138,Balanced,54.004,Adaptive,54.138,Staged Pilot,50.682
587,Baseline,Adaptive,54.138,Balanced,54.004,Adaptive,54.138,Staged Pilot,50.682
588,Cost pressure,Adaptive,32.805,Balanced,28.72,Adaptive,32.805,Optimize,37.33
589,Baseline,Adaptive,54.138,Balanced,54.004,Adaptive,54.138,Staged Pilot,50.682
590,Expansion,Adaptive,83.25,Balanced,88.035,Adaptive,83.25,Staged Pilot,74.6
591,System shock,Adaptive,11.865,Balanced,-6.455,Adaptive,11.865,Optimize,-20.75
592,Expansion,Adaptive,83.25,Balanced,88.035,Adaptive,83.25,Staged Pilot,74.6
593,Expansion,Adaptive,83.25,Balanced,88.035,Adaptive,83.25,Staged Pilot,74.6
594,System shock,Adaptive,11.865,Balanced,-6.455,Adaptive,11.865,Optimize,-20.75
595,Baseline,Adaptive,54.138,Balanced,54.004,Adaptive,54.138,Staged Pilot,50.682
596,System shock,Adaptive,11.865,Balanced,-6.455,Adaptive,11.865,Optimize,-20.75
597,Cost pressure,Adaptive,32.805,Balanced,28.72,Adaptive,32.805,Optimize,37.33
598,Baseline,Adaptive,54.138,Balanced,54.004,Adaptive,54.138,Staged Pilot,50.682
599,Expansion,Adaptive,83.25,Balanced,88.035,Adaptive,83.25,Staged Pilot,74.6
600,Institutional constraint,Adaptive,26.035,Balanced,17.4525,Adaptive,26.035,Optimize,16.215
601,Expansion,Adaptive,83.25,Balanced,88.035,Adaptive,83.25,Staged Pilot,74.6
602,Cost pressure,Adaptive,32.805,Balanced,28.72,Adaptive,32.805,Optimize,37.33
603,Baseline,Adaptive,54.138,Balanced,54.004,Adaptive,54.138,Staged Pilot,50.682
604,System shock,Adaptive,11.865,Balanced,-6.455,Adaptive,11.865,Optimize,-20.75
605,Cost pressure,Adaptive,32.805,Balanced,28.72,Adaptive,32.805,Optimize,37.33
606,Cost pressure,Adaptive,32.805,Balanced,28.72,Adaptive,32.805,Optimize,37.33
607,Baseline,Adaptive,54.138,Balanced,54.004,Adaptive,54.138,Staged Pilot,50.682
608,System shock,Adaptive,11.865,Balanced,-6.455,Adaptive,11.865,Optimize,-20.75
609,Expansion,Adaptive,83.25,Balanced,88.035,Adaptive,83.25,Staged Pilot,74.6
610,Baseline,Adaptive,54.138,Balanced,54.004,Adaptive,54.138,Staged Pilot,50.682
611,Cost pressure,Adaptive,32.805,Balanced,28.72,Adaptive,32.805,Optimize,37.33
612,Baseline,Adaptive,54.138,Balanced,54.004,Adaptive,54.138,Staged Pilot,50.682
613,Cost pressure,Adaptive,32.805,Balanced,28.72,Adaptive,32.805,Optimize,37.33
614,Baseline,Adaptive,54.138,Balanced,54.004,Adaptive,54.138,Staged Pilot,50.682
615,Baseline,Adaptive,54.138,Balanced,54.004,Adaptive,54.138,Staged Pilot,50.682
616,Baseline,Adaptive,54.138,Balanced,54.004,Adaptive,54.138,Staged Pilot,50.682
617,System shock,Adaptive,11.865,Balanced,-6.455,Adaptive,11.865,Optimize,-20.75
618,Baseline,Adaptive,54.138,Balanced,54.004,Adaptive,54.138,Staged Pilot,50.682
619,Cost pressure,Adaptive,32.805,Balanced,28.72,Adaptive,32.805,Optimize,37.33
620,Baseline,Adaptive,54.138,Balanced,54.004,Adaptive,54.138,Staged Pilot,50.682
621,Baseline,Adaptive,54.138,Balanced,54.004,Adaptive,54.138,Staged Pilot,50.682
622,Expansion,Adaptive,83.25,Balanced,88.035,Adaptive,83.25,Staged Pilot,74.6
623,Expansion,Adaptive,83.25,Balanced,88.035,Adaptive,83.25,Staged Pilot,74.6
624,Expansion,Adaptive,83.25,Balanced,88.035,Adaptive,83.25,Staged Pilot,74.6
625,Baseline,Adaptive,54.138,Balanced,54.004,Adaptive,54.138,Staged Pilot,50.682
626,System shock,Adaptive,11.865,Balanced,-6.455,Adaptive,11.865,Optimize,-20.75
627,Expansion,Adaptive,83.25,Balanced,88.035,Adaptive,83.25,Staged Pilot,74.6
628,Expansion,Adaptive,83.25,Balanced,88.035,Adaptive,83.25,Staged Pilot,74.6
629,Baseline,Adaptive,54.138,Balanced,54.004,Adaptive,54.138,Staged Pilot,50.682
630,Cost pressure,Adaptive,32.805,Balanced,28.72,Adaptive,32.805,Optimize,37.33
631,Institutional constraint,Adaptive,26.035,Balanced,17.4525,Adaptive,26.035,Optimize,16.215
632,Baseline,Adaptive,54.138,Balanced,54.004,Adaptive,54.138,Staged Pilot,50.682
633,Baseline,Adaptive,54.138,Balanced,54.004,Adaptive,54.138,Staged Pilot,50.682
634,Expansion,Adaptive,83.25,Balanced,88.035,Adaptive,83.25,Staged Pilot,74.6
635,Expansion,Adaptive,83.25,Balanced,88.035,Adaptive,83.25,Staged Pilot,74.6
636,Baseline,Adaptive,54.138,Balanced,54.004,Adaptive,54.138,Staged Pilot,50.682
637,Expansion,Adaptive,83.25,Balanced,88.035,Adaptive,83.25,Staged Pilot,74.6
638,Expansion,Adaptive,83.25,Balanced,88.035,Adaptive,83.25,Staged Pilot,74.6
639,Baseline,Adaptive,54.138,Balanced,54.004,Adaptive,54.138,Staged Pilot,50.682
640,Baseline,Adaptive,54.138,Balanced,54.004,Adaptive,54.138,Staged Pilot,50.682
641,Institutional constraint,Adaptive,26.035,Balanced,17.4525,Adaptive,26.035,Optimize,16.215
642,Baseline,Adaptive,54.138,Balanced,54.004,Adaptive,54.138,Staged Pilot,50.682
643,Cost pressure,Adaptive,32.805,Balanced,28.72,Adaptive,32.805,Optimize,37.33
644,Expansion,Adaptive,83.25,Balanced,88.035,Adaptive,83.25,Staged Pilot,74.6
645,System shock,Adaptive,11.865,Balanced,-6.455,Adaptive,11.865,Optimize,-20.75
646,Baseline,Adaptive,54.138,Balanced,54.004,Adaptive,54.138,Staged Pilot,50.682
647,System shock,Adaptive,11.865,Balanced,-6.455,Adaptive,11.865,Optimize,-20.75
648,Cost pressure,Adaptive,32.805,Balanced,28.72,Adaptive,32.805,Optimize,37.33
649,Baseline,Adaptive,54.138,Balanced,54.004,Adaptive,54.138,Staged Pilot,50.682
650,Baseline,Adaptive,54.138,Balanced,54.004,Adaptive,54.138,Staged Pilot,50.682
651,Expansion,Adaptive,83.25,Balanced,88.035,Adaptive,83.25,Staged Pilot,74.6
652,Expansion,Adaptive,83.25,Balanced,88.035,Adaptive,83.25,Staged Pilot,74.6
653,Institutional constraint,Adaptive,26.035,Balanced,17.4525,Adaptive,26.035,Optimize,16.215
654,Baseline,Adaptive,54.138,Balanced,54.004,Adaptive,54.138,Staged Pilot,50.682
655,System shock,Adaptive,11.865,Balanced,-6.455,Adaptive,11.865,Optimize,-20.75
656,Baseline,Adaptive,54.138,Balanced,54.004,Adaptive,54.138,Staged Pilot,50.682
657,Expansion,Adaptive,83.25,Balanced,88.035,Adaptive,83.25,Staged Pilot,74.6
658,Cost pressure,Adaptive,32.805,Balanced,28.72,Adaptive,32.805,Optimize,37.33
659,Expansion,Adaptive,83.25,Balanced,88.035,Adaptive,83.25,Staged Pilot,74.6
660,Expansion,Adaptive,83.25,Balanced,88.035,Adaptive,83.25,Staged Pilot,74.6
661,Cost pressure,Adaptive,32.805,Balanced,28.72,Adaptive,32.805,Optimize,37.33
662,Baseline,Adaptive,54.138,Balanced,54.004,Adaptive,54.138,Staged Pilot,50.682
663,Institutional constraint,Adaptive,26.035,Balanced,17.4525,Adaptive,26.035,Optimize,16.215
664,Expansion,Adaptive,83.25,Balanced,88.035,Adaptive,83.25,Staged Pilot,74.6
665,System shock,Adaptive,11.865,Balanced,-6.455,Adaptive,11.865,Optimize,-20.75
666,Cost pressure,Adaptive,32.805,Balanced,28.72,Adaptive,32.805,Optimize,37.33
667,System shock,Adaptive,11.865,Balanced,-6.455,Adaptive,11.865,Optimize,-20.75
668,Baseline,Adaptive,54.138,Balanced,54.004,Adaptive,54.138,Staged Pilot,50.682
669,Baseline,Adaptive,54.138,Balanced,54.004,Adaptive,54.138,Staged Pilot,50.682
670,Baseline,Adaptive,54.138,Balanced,54.004,Adaptive,54.138,Staged Pilot,50.682
671,Baseline,Adaptive,54.138,Balanced,54.004,Adaptive,54.138,Staged Pilot,50.682
672,System shock,Adaptive,11.865,Balanced,-6.455,Adaptive,11.865,Optimize,-20.75
673,Institutional constraint,Adaptive,26.035,Balanced,17.4525,Adaptive,26.035,Optimize,16.215
674,Baseline,Adaptive,54.138,Balanced,54.004,Adaptive,54.138,Staged Pilot,50.682
675,Cost pressure,Adaptive,32.805,Balanced,28.72,Adaptive,32.805,Optimize,37.33
676,Cost pressure,Adaptive,32.805,Balanced,28.72,Adaptive,32.805,Optimize,37.33
677,System shock,Adaptive,11.865,Balanced,-6.455,Adaptive,11.865,Optimize,-20.75
678,Institutional constraint,Adaptive,26.035,Balanced,17.4525,Adaptive,26.035,Optimize,16.215
679,Expansion,Adaptive,83.25,Balanced,88.035,Adaptive,83.25,Staged Pilot,74.6
680,Expansion,Adaptive,83.25,Balanced,88.035,Adaptive,83.25,Staged Pilot,74.6
681,Cost pressure,Adaptive,32.805,Balanced,28.72,Adaptive,32.805,Optimize,37.33
682,Expansion,Adaptive,83.25,Balanced,88.035,Adaptive,83.25,Staged Pilot,74.6
683,Expansion,Adaptive,83.25,Balanced,88.035,Adaptive,83.25,Staged Pilot,74.6
684,Expansion,Adaptive,83.25,Balanced,88.035,Adaptive,83.25,Staged Pilot,74.6
685,Expansion,Adaptive,83.25,Balanced,88.035,Adaptive,83.25,Staged Pilot,74.6
686,Baseline,Adaptive,54.138,Balanced,54.004,Adaptive,54.138,Staged Pilot,50.682
687,Cost pressure,Adaptive,32.805,Balanced,28.72,Adaptive,32.805,Optimize,37.33
688,Baseline,Adaptive,54.138,Balanced,54.004,Adaptive,54.138,Staged Pilot,50.682
689,Baseline,Adaptive,54.138,Balanced,54.004,Adaptive,54.138,Staged Pilot,50.682
690,Cost pressure,Adaptive,32.805,Balanced,28.72,Adaptive,32.805,Optimize,37.33
691,Cost pressure,Adaptive,32.805,Balanced,28.72,Adaptive,32.805,Optimize,37.33
692,Baseline,Adaptive,54.138,Balanced,54.004,Adaptive,54.138,Staged Pilot,50.682
693,Cost pressure,Adaptive,32.805,Balanced,28.72,Adaptive,32.805,Optimize,37.33
694,Institutional constraint,Adaptive,26.035,Balanced,17.4525,Adaptive,26.035,Optimize,16.215
695,System shock,Adaptive,11.865,Balanced,-6.455,Adaptive,11.865,Optimize,-20.75
696,Cost pressure,Adaptive,32.805,Balanced,28.72,Adaptive,32.805,Optimize,37.33
697,Cost pressure,Adaptive,32.805,Balanced,28.72,Adaptive,32.805,Optimize,37.33
698,Institutional constraint,Adaptive,26.035,Balanced,17.4525,Adaptive,26.035,Optimize,16.215
699,Baseline,Adaptive,54.138,Balanced,54.004,Adaptive,54.138,Staged Pilot,50.682
700,Baseline,Adaptive,54.138,Balanced,54.004,Adaptive,54.138,Staged Pilot,50.682
701,Cost pressure,Adaptive,32.805,Balanced,28.72,Adaptive,32.805,Optimize,37.33
702,Institutional constraint,Adaptive,26.035,Balanced,17.4525,Adaptive,26.035,Optimize,16.215
703,System shock,Adaptive,11.865,Balanced,-6.455,Adaptive,11.865,Optimize,-20.75
704,Expansion,Adaptive,83.25,Balanced,88.035,Adaptive,83.25,Staged Pilot,74.6
705,Expansion,Adaptive,83.25,Balanced,88.035,Adaptive,83.25,Staged Pilot,74.6
706,Baseline,Adaptive,54.138,Balanced,54.004,Adaptive,54.138,Staged Pilot,50.682
707,System shock,Adaptive,11.865,Balanced,-6.455,Adaptive,11.865,Optimize,-20.75
708,Cost pressure,Adaptive,32.805,Balanced,28.72,Adaptive,32.805,Optimize,37.33
709,Baseline,Adaptive,54.138,Balanced,54.004,Adaptive,54.138,Staged Pilot,50.682
710,Expansion,Adaptive,83.25,Balanced,88.035,Adaptive,83.25,Staged Pilot,74.6
711,Cost pressure,Adaptive,32.805,Balanced,28.72,Adaptive,32.805,Optimize,37.33
712,Cost pressure,Adaptive,32.805,Balanced,28.72,Adaptive,32.805,Optimize,37.33
713,Institutional constraint,Adaptive,26.035,Balanced,17.4525,Adaptive,26.035,Optimize,16.215
714,Baseline,Adaptive,54.138,Balanced,54.004,Adaptive,54.138,Staged Pilot,50.682
715,Baseline,Adaptive,54.138,Balanced,54.004,Adaptive,54.138,Staged Pilot,50.682
716,Expansion,Adaptive,83.25,Balanced,88.035,Adaptive,83.25,Staged Pilot,74.6
717,Expansion,Adaptive,83.25,Balanced,88.035,Adaptive,83.25,Staged Pilot,74.6
718,Baseline,Adaptive,54.138,Balanced,54.004,Adaptive,54.138,Staged Pilot,50.682
719,Baseline,Adaptive,54.138,Balanced,54.004,Adaptive,54.138,Staged Pilot,50.682
720,Baseline,Adaptive,54.138,Balanced,54.004,Adaptive,54.138,Staged Pilot,50.682
721,Expansion,Adaptive,83.25,Balanced,88.035,Adaptive,83.25,Staged Pilot,74.6
722,Institutional constraint,Adaptive,26.035,Balanced,17.4525,Adaptive,26.035,Optimize,16.215
723,System shock,Adaptive,11.865,Balanced,-6.455,Adaptive,11.865,Optimize,-20.75
724,Cost pressure,Adaptive,32.805,Balanced,28.72,Adaptive,32.805,Optimize,37.33
725,Institutional constraint,Adaptive,26.035,Balanced,17.4525,Adaptive,26.035,Optimize,16.215
726,Institutional constraint,Adaptive,26.035,Balanced,17.4525,Adaptive,26.035,Optimize,16.215
727,Cost pressure,Adaptive,32.805,Balanced,28.72,Adaptive,32.805,Optimize,37.33
728,Baseline,Adaptive,54.138,Balanced,54.004,Adaptive,54.138,Staged Pilot,50.682
729,Expansion,Adaptive,83.25,Balanced,88.035,Adaptive,83.25,Staged Pilot,74.6
730,System shock,Adaptive,11.865,Balanced,-6.455,Adaptive,11.865,Optimize,-20.75
731,Baseline,Adaptive,54.138,Balanced,54.004,Adaptive,54.138,Staged Pilot,50.682
732,Cost pressure,Adaptive,32.805,Balanced,28.72,Adaptive,32.805,Optimize,37.33
733,Institutional constraint,Adaptive,26.035,Balanced,17.4525,Adaptive,26.035,Optimize,16.215
734,Expansion,Adaptive,83.25,Balanced,88.035,Adaptive,83.25,Staged Pilot,74.6
735,Cost pressure,Adaptive,32.805,Balanced,28.72,Adaptive,32.805,Optimize,37.33
736,Cost pressure,Adaptive,32.805,Balanced,28.72,Adaptive,32.805,Optimize,37.33
737,Baseline,Adaptive,54.138,Balanced,54.004,Adaptive,54.138,Staged Pilot,50.682
738,Expansion,Adaptive,83.25,Balanced,88.035,Adaptive,83.25,Staged Pilot,74.6
739,Baseline,Adaptive,54.138,Balanced,54.004,Adaptive,54.138,Staged Pilot,50.682
740,Baseline,Adaptive,54.138,Balanced,54.004,Adaptive,54.138,Staged Pilot,50.682
741,Cost pressure,Adaptive,32.805,Balanced,28.72,Adaptive,32.805,Optimize,37.33
742,System shock,Adaptive,11.865,Balanced,-6.455,Adaptive,11.865,Optimize,-20.75
743,Baseline,Adaptive,54.138,Balanced,54.004,Adaptive,54.138,Staged Pilot,50.682
744,Cost pressure,Adaptive,32.805,Balanced,28.72,Adaptive,32.805,Optimize,37.33
745,Baseline,Adaptive,54.138,Balanced,54.004,Adaptive,54.138,Staged Pilot,50.682
746,Institutional constraint,Adaptive,26.035,Balanced,17.4525,Adaptive,26.035,Optimize,16.215
747,System shock,Adaptive,11.865,Balanced,-6.455,Adaptive,11.865,Optimize,-20.75
748,Baseline,Adaptive,54.138,Balanced,54.004,Adaptive,54.138,Staged Pilot,50.682
749,Baseline,Adaptive,54.138,Balanced,54.004,Adaptive,54.138,Staged Pilot,50.682
750,Baseline,Adaptive,54.138,Balanced,54.004,Adaptive,54.138,Staged Pilot,50.682
751,Baseline,Adaptive,54.138,Balanced,54.004,Adaptive,54.138,Staged Pilot,50.682
752,Institutional constraint,Adaptive,26.035,Balanced,17.4525,Adaptive,26.035,Optimize,16.215
753,Baseline,Adaptive,54.138,Balanced,54.004,Adaptive,54.138,Staged Pilot,50.682
754,Baseline,Adaptive,54.138,Balanced,54.004,Adaptive,54.138,Staged Pilot,50.682
755,Institutional constraint,Adaptive,26.035,Balanced,17.4525,Adaptive,26.035,Optimize,16.215
756,Cost pressure,Adaptive,32.805,Balanced,28.72,Adaptive,32.805,Optimize,37.33
757,Baseline,Adaptive,54.138,Balanced,54.004,Adaptive,54.138,Staged Pilot,50.682
758,Baseline,Adaptive,54.138,Balanced,54.004,Adaptive,54.138,Staged Pilot,50.682
759,Expansion,Adaptive,83.25,Balanced,88.035,Adaptive,83.25,Staged Pilot,74.6
760,Baseline,Adaptive,54.138,Balanced,54.004,Adaptive,54.138,Staged Pilot,50.682
761,System shock,Adaptive,11.865,Balanced,-6.455,Adaptive,11.865,Optimize,-20.75
762,Cost pressure,Adaptive,32.805,Balanced,28.72,Adaptive,32.805,Optimize,37.33
763,System shock,Adaptive,11.865,Balanced,-6.455,Adaptive,11.865,Optimize,-20.75
764,Expansion,Adaptive,83.25,Balanced,88.035,Adaptive,83.25,Staged Pilot,74.6
765,Baseline,Adaptive,54.138,Balanced,54.004,Adaptive,54.138,Staged Pilot,50.682
766,Institutional constraint,Adaptive,26.035,Balanced,17.4525,Adaptive,26.035,Optimize,16.215
767,Baseline,Adaptive,54.138,Balanced,54.004,Adaptive,54.138,Staged Pilot,50.682
768,Cost pressure,Adaptive,32.805,Balanced,28.72,Adaptive,32.805,Optimize,37.33
769,Expansion,Adaptive,83.25,Balanced,88.035,Adaptive,83.25,Staged Pilot,74.6
770,Institutional constraint,Adaptive,26.035,Balanced,17.4525,Adaptive,26.035,Optimize,16.215
771,Cost pressure,Adaptive,32.805,Balanced,28.72,Adaptive,32.805,Optimize,37.33
772,Baseline,Adaptive,54.138,Balanced,54.004,Adaptive,54.138,Staged Pilot,50.682
773,Expansion,Adaptive,83.25,Balanced,88.035,Adaptive,83.25,Staged Pilot,74.6
774,Baseline,Adaptive,54.138,Balanced,54.004,Adaptive,54.138,Staged Pilot,50.682
775,Baseline,Adaptive,54.138,Balanced,54.004,Adaptive,54.138,Staged Pilot,50.682
776,Expansion,Adaptive,83.25,Balanced,88.035,Adaptive,83.25,Staged Pilot,74.6
777,Institutional constraint,Adaptive,26.035,Balanced,17.4525,Adaptive,26.035,Optimize,16.215
778,Institutional constraint,Adaptive,26.035,Balanced,17.4525,Adaptive,26.035,Optimize,16.215
779,Baseline,Adaptive,54.138,Balanced,54.004,Adaptive,54.138,Staged Pilot,50.682
780,Expansion,Adaptive,83.25,Balanced,88.035,Adaptive,83.25,Staged Pilot,74.6
781,System shock,Adaptive,11.865,Balanced,-6.455,Adaptive,11.865,Optimize,-20.75
782,Baseline,Adaptive,54.138,Balanced,54.004,Adaptive,54.138,Staged Pilot,50.682
783,Cost pressure,Adaptive,32.805,Balanced,28.72,Adaptive,32.805,Optimize,37.33
784,Baseline,Adaptive,54.138,Balanced,54.004,Adaptive,54.138,Staged Pilot,50.682
785,Baseline,Adaptive,54.138,Balanced,54.004,Adaptive,54.138,Staged Pilot,50.682
786,System shock,Adaptive,11.865,Balanced,-6.455,Adaptive,11.865,Optimize,-20.75
787,Institutional constraint,Adaptive,26.035,Balanced,17.4525,Adaptive,26.035,Optimize,16.215
788,Baseline,Adaptive,54.138,Balanced,54.004,Adaptive,54.138,Staged Pilot,50.682
789,Baseline,Adaptive,54.138,Balanced,54.004,Adaptive,54.138,Staged Pilot,50.682
790,Baseline,Adaptive,54.138,Balanced,54.004,Adaptive,54.138,Staged Pilot,50.682
791,Institutional constraint,Adaptive,26.035,Balanced,17.4525,Adaptive,26.035,Optimize,16.215
792,Baseline,Adaptive,54.138,Balanced,54.004,Adaptive,54.138,Staged Pilot,50.682
793,System shock,Adaptive,11.865,Balanced,-6.455,Adaptive,11.865,Optimize,-20.75
794,System shock,Adaptive,11.865,Balanced,-6.455,Adaptive,11.865,Optimize,-20.75
795,Baseline,Adaptive,54.138,Balanced,54.004,Adaptive,54.138,Staged Pilot,50.682
796,System shock,Adaptive,11.865,Balanced,-6.455,Adaptive,11.865,Optimize,-20.75
797,Baseline,Adaptive,54.138,Balanced,54.004,Adaptive,54.138,Staged Pilot,50.682
798,Institutional constraint,Adaptive,26.035,Balanced,17.4525,Adaptive,26.035,Optimize,16.215
799,Baseline,Adaptive,54.138,Balanced,54.004,Adaptive,54.138,Staged Pilot,50.682
800,System shock,Adaptive,11.865,Balanced,-6.455,Adaptive,11.865,Optimize,-20.75
801,Baseline,Adaptive,54.138,Balanced,54.004,Adaptive,54.138,Staged Pilot,50.682
802,Baseline,Adaptive,54.138,Balanced,54.004,Adaptive,54.138,Staged Pilot,50.682
803,Cost pressure,Adaptive,32.805,Balanced,28.72,Adaptive,32.805,Optimize,37.33
804,Institutional constraint,Adaptive,26.035,Balanced,17.4525,Adaptive,26.035,Optimize,16.215
805,Baseline,Adaptive,54.138,Balanced,54.004,Adaptive,54.138,Staged Pilot,50.682
806,Expansion,Adaptive,83.25,Balanced,88.035,Adaptive,83.25,Staged Pilot,74.6
807,Baseline,Adaptive,54.138,Balanced,54.004,Adaptive,54.138,Staged Pilot,50.682
808,Baseline,Adaptive,54.138,Balanced,54.004,Adaptive,54.138,Staged Pilot,50.682
809,Baseline,Adaptive,54.138,Balanced,54.004,Adaptive,54.138,Staged Pilot,50.682
810,Baseline,Adaptive,54.138,Balanced,54.004,Adaptive,54.138,Staged Pilot,50.682
811,Baseline,Adaptive,54.138,Balanced,54.004,Adaptive,54.138,Staged Pilot,50.682
812,Baseline,Adaptive,54.138,Balanced,54.004,Adaptive,54.138,Staged Pilot,50.682
813,Expansion,Adaptive,83.25,Balanced,88.035,Adaptive,83.25,Staged Pilot,74.6
814,Cost pressure,Adaptive,32.805,Balanced,28.72,Adaptive,32.805,Optimize,37.33
815,Cost pressure,Adaptive,32.805,Balanced,28.72,Adaptive,32.805,Optimize,37.33
816,Baseline,Adaptive,54.138,Balanced,54.004,Adaptive,54.138,Staged Pilot,50.682
817,System shock,Adaptive,11.865,Balanced,-6.455,Adaptive,11.865,Optimize,-20.75
818,Expansion,Adaptive,83.25,Balanced,88.035,Adaptive,83.25,Staged Pilot,74.6
819,System shock,Adaptive,11.865,Balanced,-6.455,Adaptive,11.865,Optimize,-20.75
820,Cost pressure,Adaptive,32.805,Balanced,28.72,Adaptive,32.805,Optimize,37.33
821,System shock,Adaptive,11.865,Balanced,-6.455,Adaptive,11.865,Optimize,-20.75
822,Baseline,Adaptive,54.138,Balanced,54.004,Adaptive,54.138,Staged Pilot,50.682
823,Cost pressure,Adaptive,32.805,Balanced,28.72,Adaptive,32.805,Optimize,37.33
824,System shock,Adaptive,11.865,Balanced,-6.455,Adaptive,11.865,Optimize,-20.75
825,Institutional constraint,Adaptive,26.035,Balanced,17.4525,Adaptive,26.035,Optimize,16.215
826,Baseline,Adaptive,54.138,Balanced,54.004,Adaptive,54.138,Staged Pilot,50.682
827,Expansion,Adaptive,83.25,Balanced,88.035,Adaptive,83.25,Staged Pilot,74.6
828,Baseline,Adaptive,54.138,Balanced,54.004,Adaptive,54.138,Staged Pilot,50.682
829,Cost pressure,Adaptive,32.805,Balanced,28.72,Adaptive,32.805,Optimize,37.33
830,System shock,Adaptive,11.865,Balanced,-6.455,Adaptive,11.865,Optimize,-20.75
831,System shock,Adaptive,11.865,Balanced,-6.455,Adaptive,11.865,Optimize,-20.75
832,Baseline,Adaptive,54.138,Balanced,54.004,Adaptive,54.138,Staged Pilot,50.682
833,Baseline,Adaptive,54.138,Balanced,54.004,Adaptive,54.138,Staged Pilot,50.682
834,Baseline,Adaptive,54.138,Balanced,54.004,Adaptive,54.138,Staged Pilot,50.682
835,Cost pressure,Adaptive,32.805,Balanced,28.72,Adaptive,32.805,Optimize,37.33
836,Baseline,Adaptive,54.138,Balanced,54.004,Adaptive,54.138,Staged Pilot,50.682
837,Cost pressure,Adaptive,32.805,Balanced,28.72,Adaptive,32.805,Optimize,37.33
838,Expansion,Adaptive,83.25,Balanced,88.035,Adaptive,83.25,Staged Pilot,74.6
839,Baseline,Adaptive,54.138,Balanced,54.004,Adaptive,54.138,Staged Pilot,50.682
840,Institutional constraint,Adaptive,26.035,Balanced,17.4525,Adaptive,26.035,Optimize,16.215
841,Baseline,Adaptive,54.138,Balanced,54.004,Adaptive,54.138,Staged Pilot,50.682
842,Cost pressure,Adaptive,32.805,Balanced,28.72,Adaptive,32.805,Optimize,37.33
843,Cost pressure,Adaptive,32.805,Balanced,28.72,Adaptive,32.805,Optimize,37.33
844,System shock,Adaptive,11.865,Balanced,-6.455,Adaptive,11.865,Optimize,-20.75
845,System shock,Adaptive,11.865,Balanced,-6.455,Adaptive,11.865,Optimize,-20.75
846,System shock,Adaptive,11.865,Balanced,-6.455,Adaptive,11.865,Optimize,-20.75
847,Baseline,Adaptive,54.138,Balanced,54.004,Adaptive,54.138,Staged Pilot,50.682
848,Baseline,Adaptive,54.138,Balanced,54.004,Adaptive,54.138,Staged Pilot,50.682
849,Cost pressure,Adaptive,32.805,Balanced,28.72,Adaptive,32.805,Optimize,37.33
850,System shock,Adaptive,11.865,Balanced,-6.455,Adaptive,11.865,Optimize,-20.75
851,System shock,Adaptive,11.865,Balanced,-6.455,Adaptive,11.865,Optimize,-20.75
852,Expansion,Adaptive,83.25,Balanced,88.035,Adaptive,83.25,Staged Pilot,74.6
853,Expansion,Adaptive,83.25,Balanced,88.035,Adaptive,83.25,Staged Pilot,74.6
854,Cost pressure,Adaptive,32.805,Balanced,28.72,Adaptive,32.805,Optimize,37.33
855,Institutional constraint,Adaptive,26.035,Balanced,17.4525,Adaptive,26.035,Optimize,16.215
856,Institutional constraint,Adaptive,26.035,Balanced,17.4525,Adaptive,26.035,Optimize,16.215
857,System shock,Adaptive,11.865,Balanced,-6.455,Adaptive,11.865,Optimize,-20.75
858,Baseline,Adaptive,54.138,Balanced,54.004,Adaptive,54.138,Staged Pilot,50.682
859,Expansion,Adaptive,83.25,Balanced,88.035,Adaptive,83.25,Staged Pilot,74.6
860,Cost pressure,Adaptive,32.805,Balanced,28.72,Adaptive,32.805,Optimize,37.33
861,System shock,Adaptive,11.865,Balanced,-6.455,Adaptive,11.865,Optimize,-20.75
862,Baseline,Adaptive,54.138,Balanced,54.004,Adaptive,54.138,Staged Pilot,50.682
863,Cost pressure,Adaptive,32.805,Balanced,28.72,Adaptive,32.805,Optimize,37.33
864,Institutional constraint,Adaptive,26.035,Balanced,17.4525,Adaptive,26.035,Optimize,16.215
865,Expansion,Adaptive,83.25,Balanced,88.035,Adaptive,83.25,Staged Pilot,74.6
866,System shock,Adaptive,11.865,Balanced,-6.455,Adaptive,11.865,Optimize,-20.75
867,Baseline,Adaptive,54.138,Balanced,54.004,Adaptive,54.138,Staged Pilot,50.682
868,Baseline,Adaptive,54.138,Balanced,54.004,Adaptive,54.138,Staged Pilot,50.682
869,Expansion,Adaptive,83.25,Balanced,88.035,Adaptive,83.25,Staged Pilot,74.6
870,Baseline,Adaptive,54.138,Balanced,54.004,Adaptive,54.138,Staged Pilot,50.682
871,Cost pressure,Adaptive,32.805,Balanced,28.72,Adaptive,32.805,Optimize,37.33
872,System shock,Adaptive,11.865,Balanced,-6.455,Adaptive,11.865,Optimize,-20.75
873,Expansion,Adaptive,83.25,Balanced,88.035,Adaptive,83.25,Staged Pilot,74.6
874,Expansion,Adaptive,83.25,Balanced,88.035,Adaptive,83.25,Staged Pilot,74.6
875,System shock,Adaptive,11.865,Balanced,-6.455,Adaptive,11.865,Optimize,-20.75
876,Cost pressure,Adaptive,32.805,Balanced,28.72,Adaptive,32.805,Optimize,37.33
877,Baseline,Adaptive,54.138,Balanced,54.004,Adaptive,54.138,Staged Pilot,50.682
878,Institutional constraint,Adaptive,26.035,Balanced,17.4525,Adaptive,26.035,Optimize,16.215
879,Expansion,Adaptive,83.25,Balanced,88.035,Adaptive,83.25,Staged Pilot,74.6
880,Baseline,Adaptive,54.138,Balanced,54.004,Adaptive,54.138,Staged Pilot,50.682
881,Baseline,Adaptive,54.138,Balanced,54.004,Adaptive,54.138,Staged Pilot,50.682
882,Baseline,Adaptive,54.138,Balanced,54.004,Adaptive,54.138,Staged Pilot,50.682
883,Expansion,Adaptive,83.25,Balanced,88.035,Adaptive,83.25,Staged Pilot,74.6
884,System shock,Adaptive,11.865,Balanced,-6.455,Adaptive,11.865,Optimize,-20.75
885,Institutional constraint,Adaptive,26.035,Balanced,17.4525,Adaptive,26.035,Optimize,16.215
886,Cost pressure,Adaptive,32.805,Balanced,28.72,Adaptive,32.805,Optimize,37.33
887,Expansion,Adaptive,83.25,Balanced,88.035,Adaptive,83.25,Staged Pilot,74.6
888,Baseline,Adaptive,54.138,Balanced,54.004,Adaptive,54.138,Staged Pilot,50.682
889,Baseline,Adaptive,54.138,Balanced,54.004,Adaptive,54.138,Staged Pilot,50.682
890,Cost pressure,Adaptive,32.805,Balanced,28.72,Adaptive,32.805,Optimize,37.33
891,Cost pressure,Adaptive,32.805,Balanced,28.72,Adaptive,32.805,Optimize,37.33
892,Baseline,Adaptive,54.138,Balanced,54.004,Adaptive,54.138,Staged Pilot,50.682
893,Baseline,Adaptive,54.138,Balanced,54.004,Adaptive,54.138,Staged Pilot,50.682
894,System shock,Adaptive,11.865,Balanced,-6.455,Adaptive,11.865,Optimize,-20.75
895,Expansion,Adaptive,83.25,Balanced,88.035,Adaptive,83.25,Staged Pilot,74.6
896,Baseline,Adaptive,54.138,Balanced,54.004,Adaptive,54.138,Staged Pilot,50.682
897,Baseline,Adaptive,54.138,Balanced,54.004,Adaptive,54.138,Staged Pilot,50.682
898,Baseline,Adaptive,54.138,Balanced,54.004,Adaptive,54.138,Staged Pilot,50.682
899,Cost pressure,Adaptive,32.805,Balanced,28.72,Adaptive,32.805,Optimize,37.33
900,Cost pressure,Adaptive,32.805,Balanced,28.72,Adaptive,32.805,Optimize,37.33
901,Institutional constraint,Adaptive,26.035,Balanced,17.4525,Adaptive,26.035,Optimize,16.215
902,Baseline,Adaptive,54.138,Balanced,54.004,Adaptive,54.138,Staged Pilot,50.682
903,Institutional constraint,Adaptive,26.035,Balanced,17.4525,Adaptive,26.035,Optimize,16.215
904,Cost pressure,Adaptive,32.805,Balanced,28.72,Adaptive,32.805,Optimize,37.33
905,Baseline,Adaptive,54.138,Balanced,54.004,Adaptive,54.138,Staged Pilot,50.682
906,Cost pressure,Adaptive,32.805,Balanced,28.72,Adaptive,32.805,Optimize,37.33
907,Cost pressure,Adaptive,32.805,Balanced,28.72,Adaptive,32.805,Optimize,37.33
908,System shock,Adaptive,11.865,Balanced,-6.455,Adaptive,11.865,Optimize,-20.75
909,Expansion,Adaptive,83.25,Balanced,88.035,Adaptive,83.25,Staged Pilot,74.6
910,Cost pressure,Adaptive,32.805,Balanced,28.72,Adaptive,32.805,Optimize,37.33
911,Baseline,Adaptive,54.138,Balanced,54.004,Adaptive,54.138,Staged Pilot,50.682
912,Institutional constraint,Adaptive,26.035,Balanced,17.4525,Adaptive,26.035,Optimize,16.215
913,Baseline,Adaptive,54.138,Balanced,54.004,Adaptive,54.138,Staged Pilot,50.682
914,System shock,Adaptive,11.865,Balanced,-6.455,Adaptive,11.865,Optimize,-20.75
915,Cost pressure,Adaptive,32.805,Balanced,28.72,Adaptive,32.805,Optimize,37.33
916,Baseline,Adaptive,54.138,Balanced,54.004,Adaptive,54.138,Staged Pilot,50.682
917,Cost pressure,Adaptive,32.805,Balanced,28.72,Adaptive,32.805,Optimize,37.33
918,Cost pressure,Adaptive,32.805,Balanced,28.72,Adaptive,32.805,Optimize,37.33
919,Cost pressure,Adaptive,32.805,Balanced,28.72,Adaptive,32.805,Optimize,37.33
920,Cost pressure,Adaptive,32.805,Balanced,28.72,Adaptive,32.805,Optimize,37.33
921,Cost pressure,Adaptive,32.805,Balanced,28.72,Adaptive,32.805,Optimize,37.33
922,System shock,Adaptive,11.865,Balanced,-6.455,Adaptive,11.865,Optimize,-20.75
923,Cost pressure,Adaptive,32.805,Balanced,28.72,Adaptive,32.805,Optimize,37.33
924,Institutional constraint,Adaptive,26.035,Balanced,17.4525,Adaptive,26.035,Optimize,16.215
925,Cost pressure,Adaptive,32.805,Balanced,28.72,Adaptive,32.805,Optimize,37.33
926,Baseline,Adaptive,54.138,Balanced,54.004,Adaptive,54.138,Staged Pilot,50.682
927,Baseline,Adaptive,54.138,Balanced,54.004,Adaptive,54.138,Staged Pilot,50.682
928,Cost pressure,Adaptive,32.805,Balanced,28.72,Adaptive,32.805,Optimize,37.33
929,Cost pressure,Adaptive,32.805,Balanced,28.72,Adaptive,32.805,Optimize,37.33
930,Expansion,Adaptive,83.25,Balanced,88.035,Adaptive,83.25,Staged Pilot,74.6
931,Baseline,Adaptive,54.138,Balanced,54.004,Adaptive,54.138,Staged Pilot,50.682
932,System shock,Adaptive,11.865,Balanced,-6.455,Adaptive,11.865,Optimize,-20.75
933,Expansion,Adaptive,83.25,Balanced,88.035,Adaptive,83.25,Staged Pilot,74.6
934,Expansion,Adaptive,83.25,Balanced,88.035,Adaptive,83.25,Staged Pilot,74.6
935,Baseline,Adaptive,54.138,Balanced,54.004,Adaptive,54.138,Staged Pilot,50.682
936,Institutional constraint,Adaptive,26.035,Balanced,17.4525,Adaptive,26.035,Optimize,16.215
937,Baseline,Adaptive,54.138,Balanced,54.004,Adaptive,54.138,Staged Pilot,50.682
938,Institutional constraint,Adaptive,26.035,Balanced,17.4525,Adaptive,26.035,Optimize,16.215
939,System shock,Adaptive,11.865,Balanced,-6.455,Adaptive,11.865,Optimize,-20.75
940,Baseline,Adaptive,54.138,Balanced,54.004,Adaptive,54.138,Staged Pilot,50.682
941,System shock,Adaptive,11.865,Balanced,-6.455,Adaptive,11.865,Optimize,-20.75
942,Baseline,Adaptive,54.138,Balanced,54.004,Adaptive,54.138,Staged Pilot,50.682
943,System shock,Adaptive,11.865,Balanced,-6.455,Adaptive,11.865,Optimize,-20.75
944,System shock,Adaptive,11.865,Balanced,-6.455,Adaptive,11.865,Optimize,-20.75
945,Baseline,Adaptive,54.138,Balanced,54.004,Adaptive,54.138,Staged Pilot,50.682
946,Expansion,Adaptive,83.25,Balanced,88.035,Adaptive,83.25,Staged Pilot,74.6
947,Institutional constraint,Adaptive,26.035,Balanced,17.4525,Adaptive,26.035,Optimize,16.215
948,Expansion,Adaptive,83.25,Balanced,88.035,Adaptive,83.25,Staged Pilot,74.6
949,Institutional constraint,Adaptive,26.035,Balanced,17.4525,Adaptive,26.035,Optimize,16.215
950,System shock,Adaptive,11.865,Balanced,-6.455,Adaptive,11.865,Optimize,-20.75
951,Cost pressure,Adaptive,32.805,Balanced,28.72,Adaptive,32.805,Optimize,37.33
952,Institutional constraint,Adaptive,26.035,Balanced,17.4525,Adaptive,26.035,Optimize,16.215
953,Institutional constraint,Adaptive,26.035,Balanced,17.4525,Adaptive,26.035,Optimize,16.215
954,System shock,Adaptive,11.865,Balanced,-6.455,Adaptive,11.865,Optimize,-20.75
955,Baseline,Adaptive,54.138,Balanced,54.004,Adaptive,54.138,Staged Pilot,50.682
956,System shock,Adaptive,11.865,Balanced,-6.455,Adaptive,11.865,Optimize,-20.75
957,Expansion,Adaptive,83.25,Balanced,88.035,Adaptive,83.25,Staged Pilot,74.6
958,Baseline,Adaptive,54.138,Balanced,54.004,Adaptive,54.138,Staged Pilot,50.682
959,Baseline,Adaptive,54.138,Balanced,54.004,Adaptive,54.138,Staged Pilot,50.682
960,Cost pressure,Adaptive,32.805,Balanced,28.72,Adaptive,32.805,Optimize,37.33
961,Cost pressure,Adaptive,32.805,Balanced,28.72,Adaptive,32.805,Optimize,37.33
962,Cost pressure,Adaptive,32.805,Balanced,28.72,Adaptive,32.805,Optimize,37.33
963,System shock,Adaptive,11.865,Balanced,-6.455,Adaptive,11.865,Optimize,-20.75
964,Institutional constraint,Adaptive,26.035,Balanced,17.4525,Adaptive,26.035,Optimize,16.215
965,Expansion,Adaptive,83.25,Balanced,88.035,Adaptive,83.25,Staged Pilot,74.6
966,Baseline,Adaptive,54.138,Balanced,54.004,Adaptive,54.138,Staged Pilot,50.682
967,Expansion,Adaptive,83.25,Balanced,88.035,Adaptive,83.25,Staged Pilot,74.6
968,System shock,Adaptive,11.865,Balanced,-6.455,Adaptive,11.865,Optimize,-20.75
969,Cost pressure,Adaptive,32.805,Balanced,28.72,Adaptive,32.805,Optimize,37.33
970,Institutional constraint,Adaptive,26.035,Balanced,17.4525,Adaptive,26.035,Optimize,16.215
971,Baseline,Adaptive,54.138,Balanced,54.004,Adaptive,54.138,Staged Pilot,50.682
972,Expansion,Adaptive,83.25,Balanced,88.035,Adaptive,83.25,Staged Pilot,74.6
973,System shock,Adaptive,11.865,Balanced,-6.455,Adaptive,11.865,Optimize,-20.75
974,Institutional constraint,Adaptive,26.035,Balanced,17.4525,Adaptive,26.035,Optimize,16.215
975,Baseline,Adaptive,54.138,Balanced,54.004,Adaptive,54.138,Staged Pilot,50.682
976,Baseline,Adaptive,54.138,Balanced,54.004,Adaptive,54.138,Staged Pilot,50.682
977,Expansion,Adaptive,83.25,Balanced,88.035,Adaptive,83.25,Staged Pilot,74.6
978,Institutional constraint,Adaptive,26.035,Balanced,17.4525,Adaptive,26.035,Optimize,16.215
979,Baseline,Adaptive,54.138,Balanced,54.004,Adaptive,54.138,Staged Pilot,50.682
980,Baseline,Adaptive,54.138,Balanced,54.004,Adaptive,54.138,Staged Pilot,50.682
981,Expansion,Adaptive,83.25,Balanced,88.035,Adaptive,83.25,Staged Pilot,74.6
982,System shock,Adaptive,11.865,Balanced,-6.455,Adaptive,11.865,Optimize,-20.75
983,Expansion,Adaptive,83.25,Balanced,88.035,Adaptive,83.25,Staged Pilot,74.6
984,Baseline,Adaptive,54.138,Balanced,54.004,Adaptive,54.138,Staged Pilot,50.682
985,Cost pressure,Adaptive,32.805,Balanced,28.72,Adaptive,32.805,Optimize,37.33
986,System shock,Adaptive,11.865,Balanced,-6.455,Adaptive,11.865,Optimize,-20.75
987,Institutional constraint,Adaptive,26.035,Balanced,17.4525,Adaptive,26.035,Optimize,16.215
988,Baseline,Adaptive,54.138,Balanced,54.004,Adaptive,54.138,Staged Pilot,50.682
989,System shock,Adaptive,11.865,Balanced,-6.455,Adaptive,11.865,Optimize,-20.75
990,Expansion,Adaptive,83.25,Balanced,88.035,Adaptive,83.25,Staged Pilot,74.6
991,Baseline,Adaptive,54.138,Balanced,54.004,Adaptive,54.138,Staged Pilot,50.682
992,Expansion,Adaptive,83.25,Balanced,88.035,Adaptive,83.25,Staged Pilot,74.6
993,Baseline,Adaptive,54.138,Balanced,54.004,Adaptive,54.138,Staged Pilot,50.682
994,Baseline,Adaptive,54.138,Balanced,54.004,Adaptive,54.138,Staged Pilot,50.682
995,Institutional constraint,Adaptive,26.035,Balanced,17.4525,Adaptive,26.035,Optimize,16.215
996,Expansion,Adaptive,83.25,Balanced,88.035,Adaptive,83.25,Staged Pilot,74.6
997,Baseline,Adaptive,54.138,Balanced,54.004,Adaptive,54.138,Staged Pilot,50.682
998,Baseline,Adaptive,54.138,Balanced,54.004,Adaptive,54.138,Staged Pilot,50.682
999,Institutional constraint,Adaptive,26.035,Balanced,17.4525,Adaptive,26.035,Optimize,16.215
1000,System shock,Adaptive,11.865,Balanced,-6.455,Adaptive,11.865,Optimize,-20.75
